fonte;transacao;id;tipo;titulo;cidade;bairro;estado;cep;endereco;latitude;longitude;quartos;banheiros;suites;vagas;area_total_m2;area_util_m2;area_privativa_m2;preco;preco_total;url;coletado_em
rgi;venda;3403637;Terreno;Terreno / Lote à venda;Porto Alegre;São João;RS;90540031;Rua Carlos Von Koseritz;-30.0134569000000000;-51.1891177000000000;0;0;0;0;;;;1050000;0;https://www.redegauchadeimoveis.com.br/imovel/terreno--lote-a-venda-bairro-sao-joao-em-porto-alegre/15138-SC;2026-07-11T01:15:53.978Z
rgi;venda;5809068;Casa;Casa com 3 quartos à venda;Porto Alegre;Petrópolis;RS;90670120;Rua Artigas;-30.0477851000000000;-51.1888316000000000;3;3;1;3;200;164;164;1010000;0;https://www.redegauchadeimoveis.com.br/imovel/casa-com-3-quartos-a-venda-e-3-vagas-bairro-petropolis-em-porto-alegre/36629-SC;2026-07-11T01:15:53.978Z
rgi;venda;3404845;Apartamento;Apartamento com 1 quarto à venda;Porto Alegre;Centro Histórico;RS;90010310;Rua Demétrio Ribeiro;-30.0357412000000000;-51.2392224000000000;1;1;0;0;64;;56;185000;185310;https://www.redegauchadeimoveis.com.br/imovel/apartamento-com-1-quarto-a-venda-bairro-centro-historico-em-porto-alegre/15643-SC;2026-07-11T01:15:53.978Z
rgi;venda;3553446;Casa;Casa com 3 quartos à venda;Porto Alegre;Vila Ipiranga;RS;91360210;Rua Gaston Englert;-30.0183050000000000;-51.1576864000000000;3;2;1;4;;;224;1370000;0;https://www.redegauchadeimoveis.com.br/imovel/casa-com-3-quartos-a-venda-e-4-vagas-bairro-vila-ipiranga-em-porto-alegre/3233-CN;2026-07-11T01:15:53.978Z
rgi;venda;9897234;Cobertura;Cobertura com 3 quartos à venda;Porto Alegre;Petrópolis;RS;90670100;Rua Ferreira Viana;-30.0468977000000000;-51.1871838000000000;3;3;1;2;236;;205;1500000;1501595;https://www.redegauchadeimoveis.com.br/imovel/cobertura-com-3-quartos-a-venda-e-2-vagas-bairro-petropolis-em-porto-alegre/112792-BO;2026-07-11T01:15:53.978Z
rgi;venda;5570806;Apartamento;Apartamento com 2 quartos à venda;Porto Alegre;Partenon;RS;91530110;Rua Capitão Pedro Werlang;-30.0647678000000000;-51.1518440000000000;2;2;1;1;;;57;498000;498083.33;https://www.redegauchadeimoveis.com.br/imovel/apartamento-com-2-quartos-a-venda-e-1-vaga-bairro-partenon-em-porto-alegre/3310-CN;2026-07-11T01:15:53.978Z
rgi;venda;9894477;Apartamento;Apartamento com 2 quartos à venda;Porto Alegre;Bela Vista;RS;90460000;Avenida Coronel Lucas de Oliveira;-30.0474195000000000;-51.1956101000000000;2;1;0;1;90;;82;485000;485700;https://www.redegauchadeimoveis.com.br/imovel/apartamento-com-2-quartos-a-venda-e-1-vaga-bairro-bela-vista-em-porto-alegre/112791-BO;2026-07-11T01:15:53.979Z
rgi;venda;3525683;Casa de Condomínio;Casa de Condomínio com 5 quartos à venda;Porto Alegre;Terraville;RS;91781200;Avenida Juca Batista;-30.1851230000000000;-51.1742217000000000;5;5;4;4;480;480;480;2950000;2954194.41;https://www.redegauchadeimoveis.com.br/imovel/casa-de-condominio-com-5-quartos-a-venda-e-4-vagas-bairro-terraville-em-porto-alegre/268420-LU;2026-07-11T01:15:54.746Z
rgi;venda;6748617;Apartamento;Apartamento com 2 quartos à venda;Porto Alegre;Petrópolis;RS;90410007;Avenida Protásio Alves;-30.0389140000000000;-51.1755250000000000;2;1;0;1;62;62;62;276000;276350;https://www.redegauchadeimoveis.com.br/imovel/apartamento-com-2-quartos-a-venda-e-1-vaga-bairro-petropolis-em-porto-alegre/9134-PJ;2026-07-11T01:15:54.746Z
rgi;venda;10139014;Apartamento;Apartamento com 1 quarto à venda;Porto Alegre;Bom Fim;RS;90035121;Rua General João Telles;-30.0326160000000000;-51.2127409000000000;1;1;0;0;54;44;44;300000;300150;https://www.redegauchadeimoveis.com.br/imovel/apartamento-com-1-quarto-a-venda-bairro-bom-fim-em-porto-alegre/56430-JD;2026-07-11T01:15:54.746Z
rgi;venda;7103687;Apartamento;Apartamento com 2 quartos à venda;Porto Alegre;Jardim Lindóia;RS;91050000;Avenida Panamericana;-30.0073167000000000;-51.1510040000000000;2;1;0;0;75;68;68;350000;350405;https://www.redegauchadeimoveis.com.br/imovel/apartamento-com-2-quartos-a-venda-bairro-jardim-lindoia-em-porto-alegre/62830-TR;2026-07-11T01:15:54.746Z
rgi;venda;8499231;Apartamento;Apartamento com 2 quartos à venda;Porto Alegre;São Sebastião;RS;91060540;Rua Ministro Oliveira Lima;-30.0032628000000000;-51.1467609000000000;2;1;0;1;80;64;64;250000;250412.5;https://www.redegauchadeimoveis.com.br/imovel/apartamento-com-2-quartos-a-venda-e-1-vaga-bairro-sao-sebastiao-em-porto-alegre/64880-TR;2026-07-11T01:15:54.746Z
rgi;venda;10259760;Apartamento;Apartamento com 2 quartos à venda;Porto Alegre;Tristeza;RS;91920150;Rua Landel de Moura;-30.1141827000000000;-51.2492045000000000;2;2;1;2;155;78;78;590000;590869.85;https://www.redegauchadeimoveis.com.br/imovel/apartamento-com-2-quartos-a-venda-e-2-vagas-bairro-tristeza-em-porto-alegre/456550-LU;2026-07-11T01:15:56.175Z
rgi;venda;9875594;Casa;Casa com 2 quartos à venda;Porto Alegre;Aberta dos Morros;RS;91755071;Rua Jorge Babot Miranda;-30.1620263000000000;-51.1959666000000000;2;2;1;2;137;69;137;450000;0;https://www.redegauchadeimoveis.com.br/imovel/casa-com-2-quartos-a-venda-e-2-vagas-bairro-aberta-dos-morros-em-porto-alegre/3185655-MI;2026-07-11T01:15:56.175Z
rgi;venda;3695845;Apartamento;Apartamento com 4 quartos à venda;Porto Alegre;Independência;RS;90035006;Rua Ramiro Barcelos;-13.9010818406581700;-50.7134218749999950;4;3;1;1;268;;207;950000;952266.66;https://www.redegauchadeimoveis.com.br/imovel/apartamento-com-4-quartos-a-venda-e-1-vaga-bairro-independencia-em-porto-alegre/50881048-LI;2026-07-11T01:15:56.175Z
rgi;venda;3543011;Sala Comercial;Sala Comercial à venda;Porto Alegre;Petrópolis;RS;90470170;Rua Regente;;;;1;;1;74;;39;490000;490845;https://www.redegauchadeimoveis.com.br/imovel/sala-comercial-a-venda-39m2-e-1-vaga-bairro-petropolis-em-porto-alegre/435179-LU;2026-07-11T01:15:56.175Z
rgi;venda;10497630;Terreno;Terreno / Lote à venda;Porto Alegre;Ponta Grossa;RS;91780570;Rua Aldo Alves da Silva;-30.1815441000000000;-51.2189168000000000;;;;;;;;1900000;0;https://www.redegauchadeimoveis.com.br/imovel/terreno--lote-a-venda-bairro-ponta-grossa-em-porto-alegre/18031-LI;2026-07-11T01:15:56.175Z
rgi;venda;3697828;Apartamento;Apartamento com 1 quarto à venda;Porto Alegre;Farroupilha;RS;90040144;Rua Santana;;;1;1;0;1;62;;41;340000;340350;https://www.redegauchadeimoveis.com.br/imovel/apartamento-com-1-quarto-a-venda-e-1-vaga-bairro-farroupilha-em-porto-alegre/50882811-LI;2026-07-11T01:15:56.175Z
rgi;venda;3693477;Sala Comercial;Sala Comercial à venda;Porto Alegre;Auxiliadora;RS;90440150;Rua Felipe Neri;;;;1;;0;55;;33;200000;201600;https://www.redegauchadeimoveis.com.br/imovel/sala-comercial-a-venda-33m2-bairro-auxiliadora-em-porto-alegre/50878996-LI;2026-07-11T01:15:56.175Z
rgi;venda;3693691;Cobertura;Cobertura com 3 quartos à venda;Porto Alegre;São João;RS;90520310;Rua Portugal;;;3;2;0;2;168;;142;900000;900827.92;https://www.redegauchadeimoveis.com.br/imovel/cobertura-com-3-quartos-a-venda-e-2-vagas-bairro-sao-joao-em-porto-alegre/50879189-LI;2026-07-11T01:15:58.529Z
rgi;venda;3698834;Casa;Casa com 9 quartos à venda;Porto Alegre;Jardim Carvalho;RS;91430250;Rua Vladimir Herzog;-30.0438766000000000;-51.1489118000000000;9;6;2;5;;;300;585000;0;https://www.redegauchadeimoveis.com.br/imovel/casa-com-9-quartos-a-venda-e-5-vagas-bairro-jardim-carvalho-em-porto-alegre/50883668-LI;2026-07-11T01:15:58.529Z
rgi;venda;9485437;Apartamento;Apartamento com 2 quartos à venda;Porto Alegre;Ipanema;RS;91751443;Estrada Campo Novo;-30.1413052000000000;-51.2147020000000000;2;1;1;1;87;56;56;335000;335545;https://www.redegauchadeimoveis.com.br/imovel/apartamento-com-2-quartos-a-venda-e-1-vaga-bairro-ipanema-em-porto-alegre/3187670-DMI;2026-07-11T01:15:58.776Z
rgi;venda;3402347;Apartamento;Apartamento com 2 quartos à venda;Porto Alegre;Morro Santana;RS;91260000;Avenida Protasio Alves;-30.0399175000000000;-51.1280702000000000;2;1;0;1;60;53;53;180000;180325;https://www.redegauchadeimoveis.com.br/imovel/apartamento-com-2-quartos-a-venda-e-1-vaga-bairro-morro-santana-em-porto-alegre/14615-SC;2026-07-11T01:15:58.776Z
rgi;venda;3548325;Apartamento;Apartamento com 2 quartos à venda;Porto Alegre;Cavalhada;RS;90830240;Rua Dona Zulmira;;;2;1;0;1;56;50;50;169000;169354.53;https://www.redegauchadeimoveis.com.br/imovel/apartamento-com-2-quartos-a-venda-e-1-vaga-bairro-cavalhada-em-porto-alegre/437116-LU;2026-07-11T01:15:58.776Z
rgi;venda;3562293;Apartamento;Apartamento com 2 quartos à venda;Porto Alegre;Ipanema;RS;91751443;Estrada Campo Novo;-30.1413052000000000;-51.2147020000000000;2;1;0;1;76;;49;280000;280358;https://www.redegauchadeimoveis.com.br/imovel/apartamento-com-2-quartos-a-venda-e-1-vaga-bairro-ipanema-em-porto-alegre/445955-LU;2026-07-11T01:15:58.776Z
rgi;venda;6709876;Casa;Casa com 3 quartos à venda;Porto Alegre;Aberta dos Morros;RS;91755210;Rua Dorival Castilhos Machado;-30.1606616000000000;-51.1920537000000000;3;2;0;1;52;;52;290000;0;https://www.redegauchadeimoveis.com.br/imovel/casa-com-3-quartos-a-venda-e-1-vaga-bairro-aberta-dos-morros-em-porto-alegre/446719-LU;2026-07-11T01:15:58.776Z
rgi;venda;9633539;Apartamento;Apartamento com 2 quartos à venda;Porto Alegre;Tristeza;RS;91920680;Rua Liberal;-30.1097073000000000;-51.2301503000000000;2;1;0;1;70;;54;240000;240550;https://www.redegauchadeimoveis.com.br/imovel/apartamento-com-2-quartos-a-venda-e-1-vaga-bairro-tristeza-em-porto-alegre/454500-LU;2026-07-11T01:15:58.776Z
rgi;venda;3528360;Terreno;Terreno / Lote à venda;Porto Alegre;Vila Nova;RS;91740460;Rua Amapa;-30.1053113000000000;-51.2064464999999700;0;0;0;0;;;;510000;0;https://www.redegauchadeimoveis.com.br/imovel/terreno--lote-a-venda-bairro-vila-nova-em-porto-alegre/273184-LU;2026-07-11T01:15:58.776Z
rgi;venda;3556220;Casa;Casa com 3 quartos à venda;Porto Alegre;Ipanema;RS;91751150;Rua Doutor Joao Palombini;-30.1376407000000000;-51.2174412000000000;3;3;3;3;500;410;410;1895000;1895275;https://www.redegauchadeimoveis.com.br/imovel/casa-com-3-quartos-a-venda-e-3-vagas-bairro-ipanema-em-porto-alegre/440900-LU;2026-07-11T01:15:58.776Z
rgi;venda;10870895;Casa de Condomínio;Casa de Condomínio com 3 quartos à venda;Porto Alegre;Santa Tereza;RS;90840110;Rua Hipólito da Costa;-30.0708294000000000;-51.2284877000000000;3;2;1;2;253;140;140;1190000;1191155.78;https://www.redegauchadeimoveis.com.br/imovel/casa-de-condominio-com-3-quartos-a-venda-e-2-vagas-bairro-santa-tereza-em-porto-alegre/90559953-KO;2026-07-11T01:15:59.862Z
rgi;venda;3553440;Casa;Casa com 3 quartos à venda;Porto Alegre;Jardim Planalto;RS;91380410;Rua Leite de Castro;-30.0144437000000000;-51.1428984000000000;3;4;2;3;275;210;210;980000;980108.16;https://www.redegauchadeimoveis.com.br/imovel/casa-com-3-quartos-a-venda-e-3-vagas-bairro-jardim-planalto-em-porto-alegre/3227-CN;2026-07-11T01:15:59.862Z
rgi;venda;10293425;Casa;Casa com 3 quartos à venda;Porto Alegre;Vila Ipiranga;RS;91380410;Rua Leite de Castro;-30.0144437000000000;-51.1428984000000000;3;4;2;3;275;210;210;980000;980108.16;https://www.redegauchadeimoveis.com.br/imovel/casa-com-3-quartos-a-venda-e-3-vagas-bairro-vila-ipiranga-em-porto-alegre/8346-CN;2026-07-11T01:15:59.862Z
rgi;venda;3556422;Apartamento;Apartamento com 3 quartos à venda;Porto Alegre;Vila Nova;RS;91750740;Avenida Romeu Samarani Ferreira;-30.1275905999999900;-51.2081841000000000;3;1;0;1;77;;69;230000;0;https://www.redegauchadeimoveis.com.br/imovel/apartamento-com-3-quartos-a-venda-e-1-vaga-bairro-vila-nova-em-porto-alegre/441047-LU;2026-07-11T01:15:59.862Z
rgi;venda;10894443;Apartamento;Apartamento com 2 quartos à venda;Porto Alegre;Jardim Itu;RS;91225050;Rua Francisco Silveira Dias Filho;-30.0265085000000000;-51.1351678000000000;2;2;1;1;96;52;52;390000;390678;https://www.redegauchadeimoveis.com.br/imovel/apartamento-com-2-quartos-a-venda-e-1-vaga-bairro-jardim-itu-em-porto-alegre/103801-MT;2026-07-11T01:15:59.862Z
rgi;venda;10894337;Cobertura;Cobertura com 2 quartos à venda;Porto Alegre;Tristeza;RS;91920130;Rua Doutor Mário Totta;-30.1146716000000000;-51.2540876000000000;2;2;0;2;169;;125;720000;0;https://www.redegauchadeimoveis.com.br/imovel/cobertura-com-2-quartos-a-venda-e-2-vagas-bairro-tristeza-em-porto-alegre/10198-MT;2026-07-11T01:15:59.862Z
rgi;venda;9726870;Conjunto Comercial;Conjunto Comercial com 1 sala à venda;Porto Alegre;Centro Histórico;RS;90010271;Rua Riachuelo;-30.0316254000000000;-51.2283310000000000;;1;;0;44;34;34;100000;0;https://www.redegauchadeimoveis.com.br/imovel/conjunto-comercial-a-venda-34m2-bairro-centro-historico-em-porto-alegre/202621-FR;2026-07-11T01:15:59.862Z
rgi;venda;3688389;Cobertura;Cobertura com 3 quartos à venda;Porto Alegre;Petrópolis;RS;90480005;Avenida Carlos Gomes;-30.0351004000000000;-51.1776859000000000;3;5;1;3;404;;296;1490000;1492300;https://www.redegauchadeimoveis.com.br/imovel/cobertura-com-3-quartos-a-venda-e-3-vagas-bairro-petropolis-em-porto-alegre/8351-OT;2026-07-11T01:16:00.265Z
rgi;venda;3553770;Loja;Loja à venda;Porto Alegre;São João;RS;90550001;Avenida Benjamin Constant;;;;1;;0;0;;107;350000;350184.68;https://www.redegauchadeimoveis.com.br/imovel/loja-a-venda-107m2-bairro-sao-joao-em-porto-alegre/439156-LU;2026-07-11T01:16:00.265Z
rgi;venda;3553778;Terreno;Terreno / Lote à venda;Porto Alegre;São João;RS;90550001;Avenida Benjamin Constant;-30.0129572000000000;-51.1943365000000000;0;0;0;0;;;;2500000;0;https://www.redegauchadeimoveis.com.br/imovel/terreno--lote-a-venda-bairro-sao-joao-em-porto-alegre/439162-LU;2026-07-11T01:16:00.265Z
rgi;venda;3550989;Apartamento;Apartamento com 3 quartos à venda;Porto Alegre;Cristal;RS;91910530;Rua Coronel Massot;-30.0986594000000000;-51.2370971000000000;3;2;1;2;102;;61;420000;420525.82;https://www.redegauchadeimoveis.com.br/imovel/apartamento-com-3-quartos-a-venda-e-2-vagas-bairro-cristal-em-porto-alegre/438112-LU;2026-07-11T01:16:00.265Z
rgi;venda;10485346;Apartamento;Apartamento com 3 quartos à venda;Porto Alegre;Menino Deus;RS;90150005;Avenida Getúlio Vargas;-30.0562088000000000;-51.2233411000000000;3;3;1;2;224;;139;1660000;1661225;https://www.redegauchadeimoveis.com.br/imovel/apartamento-com-3-quartos-a-venda-e-2-vagas-bairro-menino-deus-em-porto-alegre/456885-LU;2026-07-11T01:16:00.265Z
rgi;venda;10186181;Apartamento;Apartamento com 3 quartos à venda;Porto Alegre;Teresópolis;RS;90840290;Rua Dário Totta;-30.0821638000000000;-51.2151331000000000;3;2;1;1;104;;73;500000;500935.66;https://www.redegauchadeimoveis.com.br/imovel/apartamento-com-3-quartos-a-venda-e-1-vaga-bairro-teresopolis-em-porto-alegre/456289-LU;2026-07-11T01:16:00.265Z
rgi;venda;3562392;Casa de Condomínio;Casa de Condomínio com 3 quartos à venda;Porto Alegre;Tristeza;RS;91920130;Rua Doutor Mário Totta;-30.1091245000000000;-51.2391676000000000;3;3;1;2;;;214;739000;739364.41;https://www.redegauchadeimoveis.com.br/imovel/casa-de-condominio-com-3-quartos-a-venda-e-2-vagas-bairro-tristeza-em-porto-alegre/446018-LU;2026-07-11T01:16:00.265Z
rgi;venda;8180549;Casa de Condomínio;Casa de Condomínio com 3 quartos à venda;Porto Alegre;Ipanema;RS;91751720;Rua Sinai;-30.1391263000000000;-51.2171753000000000;3;4;3;2;156;184;184;1250000;1250864;https://www.redegauchadeimoveis.com.br/imovel/casa-de-condominio-com-3-quartos-a-venda-e-2-vagas-bairro-ipanema-em-porto-alegre/450975-LU;2026-07-11T01:16:00.265Z
rgi;venda;6886141;Casa;Casa com 4 quartos à venda;Porto Alegre;Teresópolis;RS;90870140;Avenida Belém;-30.0800003000000000;-51.2108415000000000;4;4;3;5;468;350;350;1200000;0;https://www.redegauchadeimoveis.com.br/imovel/casa-com-4-quartos-a-venda-e-5-vagas-bairro-teresopolis-em-porto-alegre/78265-BT;2026-07-11T01:21:06.755Z
rgi;venda;3414095;Terreno;Terreno / Lote à venda;Porto Alegre;Vila Nova;RS;91750200;Rua Atilio Supertti;-30.1165490000000000;-51.2118547000000000;0;0;0;0;;;;300000;300040;https://www.redegauchadeimoveis.com.br/imovel/terreno--lote-a-venda-bairro-vila-nova-em-porto-alegre/14968-BT;2026-07-11T01:21:06.756Z
rgi;venda;3410916;Apartamento;Apartamento com 2 quartos à venda;Porto Alegre;Teresópolis;RS;91720430;Rua Silverio Souto;-30.0831820000000000;-51.2121649000000000;2;1;0;0;101;;61;225000;225371.6;https://www.redegauchadeimoveis.com.br/imovel/apartamento-com-2-quartos-a-venda-bairro-teresopolis-em-porto-alegre/12540-BT;2026-07-11T01:21:06.756Z
rgi;venda;3413795;Casa Comercial;Casa Comercial à venda;Porto Alegre;Passo da Areia;RS;91010005;Avenida Assis Brasil;-30.0084936000000000;-51.1754334000000000;;0;;0;;;330;1580000;1580296.66;https://www.redegauchadeimoveis.com.br/imovel/casa-comercial-a-venda-330m2-bairro-passo-da-areia-em-porto-alegre/14693-BT;2026-07-11T01:21:06.756Z
rgi;venda;5628663;Casa;Casa com 2 quartos à venda;Porto Alegre;Teresópolis;RS;90840350;Rua Octávio de Souza;-30.0811652000000000;-51.2155448000000000;2;1;0;1;299;;111;501000;0;https://www.redegauchadeimoveis.com.br/imovel/casa-com-2-quartos-a-venda-e-1-vaga-bairro-teresopolis-em-porto-alegre/42273-BT;2026-07-11T01:21:06.756Z
rgi;venda;3688461;Apartamento;Apartamento com 2 quartos à venda;Porto Alegre;Jardim São Pedro;RS;91040220;Rua Jurua;-30.0064255000000000;-51.1658714000000000;2;1;0;1;80;;66;320000;320155;https://www.redegauchadeimoveis.com.br/imovel/apartamento-com-2-quartos-a-venda-e-1-vaga-bairro-jardim-sao-pedro-em-porto-alegre/8428-OT;2026-07-11T01:21:06.756Z
rgi;venda;3409684;Casa;Casa com 3 quartos à venda;Porto Alegre;Santa Tereza;RS;90840600;Rua Banco Ingles;-30.0731310000000000;-51.2252279999999900;3;3;1;2;;;244;640000;640097.5;https://www.redegauchadeimoveis.com.br/imovel/casa-com-3-quartos-a-venda-e-2-vagas-bairro-santa-tereza-em-porto-alegre/11739-BT;2026-07-11T01:21:06.756Z
rgi;venda;10892061;Apartamento;Apartamento com 3 quartos à venda;Porto Alegre;Mont Serrat;RS;90450230;Rua Tito Lívio Zambecari;-30.0284738000000000;-51.1937140000000000;3;2;0;0;;;70;390000;390458.33;https://www.redegauchadeimoveis.com.br/imovel/apartamento-com-3-quartos-a-venda-bairro-mont-serrat-em-porto-alegre/85296-CC;2026-07-11T01:21:06.760Z
rgi;venda;8440614;Apartamento;Apartamento com 2 quartos à venda;Porto Alegre;Cavalhada;RS;91770001;Avenida Juca Batista;-30.1360443000000000;-51.2222781000000000;2;1;0;1;86;45;45;247000;247580;https://www.redegauchadeimoveis.com.br/imovel/apartamento-com-2-quartos-a-venda-e-1-vaga-bairro-cavalhada-em-porto-alegre/79427-VR;2026-07-11T01:21:06.760Z
rgi;venda;8379550;Loja;Loja com 1 sala à venda;Porto Alegre;Farroupilha;RS;90040001;Avenida João Pessoa;-30.0419330000000000;-51.2160478000000000;;1;;0;113;94;94;1200000;1200844.56;https://www.redegauchadeimoveis.com.br/imovel/loja-a-venda-94m2-bairro-farroupilha-em-porto-alegre/8321-VR;2026-07-11T01:21:06.760Z
rgi;venda;8752369;Apartamento;Apartamento com 1 quarto à venda;Porto Alegre;Petrópolis;RS;90690400;Rua Mário Antunes da Cunha;-30.0424992000000000;-51.1756580000000000;1;1;1;1;68;;49;580000;580550;https://www.redegauchadeimoveis.com.br/imovel/apartamento-com-1-quarto-a-venda-e-1-vaga-bairro-petropolis-em-porto-alegre/838485-UP;2026-07-11T01:21:06.760Z
rgi;venda;10504133;Apartamento;Apartamento com 3 quartos à venda;Porto Alegre;Teresópolis;RS;90840290;Rua Dário Totta;-30.0818603000000000;-51.2151968000000000;3;2;1;2;80;74;74;580000;581104.16;https://www.redegauchadeimoveis.com.br/imovel/apartamento-com-3-quartos-a-venda-e-2-vagas-bairro-teresopolis-em-porto-alegre/19039-TR;2026-07-11T01:21:06.760Z
rgi;venda;3704569;Casa de Condomínio;Casa de Condomínio com 1 quarto à venda;Porto Alegre;Guarujá;RS;91770430;Rua Jacundá;-30.1592206000000000;-51.2223619000000000;1;1;0;1;93;;62;199999;200144.33;https://www.redegauchadeimoveis.com.br/imovel/casa-de-condominio-com-1-quarto-a-venda-e-1-vaga-bairro-guaruja-em-porto-alegre/446279-LU;2026-07-11T01:21:06.760Z
rgi;venda;10890977;Apartamento;Apartamento com 2 quartos à venda;Porto Alegre;Jardim Leopoldina;RS;91240261;Avenida Manoel Elias;-30.0350977000000000;-51.1213717000000000;2;1;0;1;55;48;48;280000;280415.91;https://www.redegauchadeimoveis.com.br/imovel/apartamento-com-2-quartos-a-venda-e-1-vaga-bairro-jardim-leopoldina-em-porto-alegre/84809-TR;2026-07-11T01:21:06.760Z
rgi;venda;8814908;Sala Comercial;Sala Comercial com 1 sala à venda;Porto Alegre;Moinhos de Vento;RS;90570041;Rua Doutor Timóteo;-30.0183578000000000;-51.2003750000000000;;1;;0;40;29;29;150000;0;https://www.redegauchadeimoveis.com.br/imovel/sala-comercial-a-venda-29m2-bairro-moinhos-de-vento-em-porto-alegre/54978-JD;2026-07-11T01:21:06.760Z
rgi;venda;10472517;Cobertura;Cobertura com 3 quartos à venda;Porto Alegre;Tristeza;RS;91910154;Avenida Wenceslau Escobar;-30.1099521000000000;-51.2542557000000000;3;2;0;1;207;151;151;950000;951284;https://www.redegauchadeimoveis.com.br/imovel/cobertura-com-3-quartos-a-venda-e-1-vaga-bairro-tristeza-em-porto-alegre/3189596-DMI;2026-07-11T01:21:07.310Z
rgi;venda;3634936;Apartamento;Apartamento com 2 quartos à venda;Porto Alegre;Petrópolis;RS;90670090;Rua Felizardo Furtado;-30.0483713999999900;-51.1828328000000000;2;1;0;1;64;;55;374900;375183.33;https://www.redegauchadeimoveis.com.br/imovel/apartamento-com-2-quartos-a-venda-e-1-vaga-bairro-petropolis-em-porto-alegre/8293-ZO;2026-07-11T01:21:07.310Z
rgi;venda;3556762;Apartamento;Apartamento com 2 quartos à venda;Porto Alegre;Cavalhada;RS;91740000;Avenida da Cavalhada;-30.0975637000000000;-51.2305648000000000;2;1;0;1;83;;61;287000;287565;https://www.redegauchadeimoveis.com.br/imovel/apartamento-com-2-quartos-a-venda-e-1-vaga-bairro-cavalhada-em-porto-alegre/441283-LU;2026-07-11T01:21:07.310Z
rgi;venda;10890790;Apartamento;Apartamento com 2 quartos à venda;Porto Alegre;Chapéu do Sol;RS;91786354;Rua Gentil Claudionor de Souza Lopes;-30.1736997000000000;-51.1739924000000000;2;1;0;0;68;17;51;115000;0;https://www.redegauchadeimoveis.com.br/imovel/apartamento-com-2-quartos-a-venda-bairro-chapeu-do-sol-em-porto-alegre/3188040-MI;2026-07-11T01:21:07.310Z
rgi;venda;10890721;Apartamento;Apartamento com 3 quartos à venda;Porto Alegre;Cristo Redentor;RS;91040320;Rua Domingos Martins;-30.0084722000000000;-51.1587561000000000;3;2;1;2;151;82;82;575000;575774.58;https://www.redegauchadeimoveis.com.br/imovel/apartamento-com-3-quartos-a-venda-e-2-vagas-bairro-cristo-redentor-em-porto-alegre/8470-PN;2026-07-11T01:21:07.310Z
rgi;venda;3553080;Casa;Casa com 2 quartos à venda;Porto Alegre;Vila Nova;RS;91750077;Rua Casemiro de Souza;-30.1224214000000000;-51.2141643999999900;2;1;0;3;;;43;229000;229060;https://www.redegauchadeimoveis.com.br/imovel/casa-com-2-quartos-a-venda-e-3-vagas-bairro-vila-nova-em-porto-alegre/438838-LU;2026-07-11T01:21:07.310Z
rgi;venda;3558794;Casa;Casa com 5 quartos à venda;Porto Alegre;Tristeza;RS;91920150;Rua Landel de Moura;-30.1133883000000000;-51.2467177000000000;5;4;2;3;486;360;360;1500000;1500125;https://www.redegauchadeimoveis.com.br/imovel/casa-com-5-quartos-a-venda-e-3-vagas-bairro-tristeza-em-porto-alegre/443249-LU;2026-07-11T01:21:07.310Z
rgi;venda;10890514;Cobertura;Cobertura com 3 quartos à venda;Porto Alegre;Centro Histórico;RS;90040000;Avenida João Pessoa;-30.0384060000000000;-51.2193207000000000;3;3;1;1;249;184;184;1190000;1191669.1;https://www.redegauchadeimoveis.com.br/imovel/cobertura-com-3-quartos-a-venda-e-1-vaga-bairro-centro-historico-em-porto-alegre/50837-VR;2026-07-11T01:21:07.310Z
rgi;venda;10249228;Casa de Condomínio;Casa de Condomínio com 3 quartos à venda;Porto Alegre;Guarujá;RS;91770430;Rua Jacundá;-30.1540842000000000;-51.2216262000000000;3;1;3;3;248;168;168;1250000;1250230;https://www.redegauchadeimoveis.com.br/imovel/casa-de-condominio-com-3-quartos-a-venda-e-3-vagas-bairro-guaruja-em-porto-alegre/3188476-DMI;2026-07-11T01:21:07.985Z
rgi;venda;10891487;Casa;Casa com 2 quartos à venda;Porto Alegre;Aberta dos Morros;RS;;;-30.1615173000000000;-51.1941735000000000;2;2;1;1;55;;55;370000;0;https://www.redegauchadeimoveis.com.br/imovel/casa-com-2-quartos-a-venda-e-1-vaga-bairro-aberta-dos-morros-em-porto-alegre/14774-MZ;2026-07-11T01:21:07.985Z
rgi;venda;10891404;Casa;Casa com 2 quartos à venda;Porto Alegre;Aberta dos Morros;RS;;;-30.1615173000000000;-51.1941735000000000;2;2;1;1;55;;55;355000;0;https://www.redegauchadeimoveis.com.br/imovel/casa-com-2-quartos-a-venda-e-1-vaga-bairro-aberta-dos-morros-em-porto-alegre/14773-MZ;2026-07-11T01:21:07.985Z
rgi;venda;3511919;Apartamento;Apartamento com 3 quartos à venda;Porto Alegre;Bom Fim;RS;90040285;Rua Ramiro Barcelos;-30.0373348000000000;-51.2084348000000000;3;1;0;0;113;;95;595000;595903.15;https://www.redegauchadeimoveis.com.br/imovel/apartamento-com-3-quartos-a-venda-bairro-bom-fim-em-porto-alegre/496-LA;2026-07-11T01:21:07.985Z
rgi;venda;8158861;Casa;Casa com 4 quartos à venda;Porto Alegre;Tristeza;RS;91920040;Travessa Nossa Senhora de Lourdes;-30.1171219000000000;-51.2500634000000000;4;3;1;2;234;234;234;990000;992300;https://www.redegauchadeimoveis.com.br/imovel/casa-com-4-quartos-a-venda-e-2-vagas-bairro-tristeza-em-porto-alegre/82449-TR;2026-07-11T01:21:07.985Z
rgi;venda;3557292;Terreno;Terreno / Lote à venda;Porto Alegre;Cavalhada;RS;91740000;Avenida da Cavalhada;-30.1159285000000000;-51.2254431000000000;0;0;0;0;;;;1900000;0;https://www.redegauchadeimoveis.com.br/imovel/terreno--lote-a-venda-bairro-cavalhada-em-porto-alegre/441749-LU;2026-07-11T01:21:07.985Z
rgi;venda;10479240;Casa de Condomínio;Casa de Condomínio com 4 quartos à venda;Porto Alegre;Ecoville;RS;91150180;Avenida Willy Eugênio Fleck;-30.0043714000000000;-51.1199843000000000;4;3;1;2;243;168;168;2290000;2291450;https://www.redegauchadeimoveis.com.br/imovel/casa-de-condominio-com-4-quartos-a-venda-e-2-vagas-bairro-ecoville-em-porto-alegre/63729-TR;2026-07-11T01:21:07.985Z
rgi;venda;6710753;Apartamento;Apartamento com 1 quarto à venda;Porto Alegre;Azenha;RS;90650040;Rua Onofre Pires;-30.0519090000000000;-51.2089694000000000;1;1;0;1;58;38;38;215000;0;https://www.redegauchadeimoveis.com.br/imovel/apartamento-com-1-quarto-a-venda-e-1-vaga-bairro-azenha-em-porto-alegre/3168854-FR;2026-07-11T01:21:09.408Z
rgi;venda;3560468;Sala Comercial;Sala Comercial à venda;Porto Alegre;Centro Histórico;RS;90010220;Avenida Senador Salgado Filho;-30.0306786000000000;-51.2267215000000000;;1;;0;50;;35;195000;0;https://www.redegauchadeimoveis.com.br/imovel/sala-comercial-a-venda-35m2-bairro-centro-historico-em-porto-alegre/444651-LU;2026-07-11T01:21:09.408Z
rgi;venda;9829791;Cobertura;Cobertura com 3 quartos à venda;Porto Alegre;Rio Branco;RS;90440050;Rua Quintino Bocaiúva;-30.0287284000000000;-51.1968366000000000;3;3;1;2;;229;229;1060000;1063241.66;https://www.redegauchadeimoveis.com.br/imovel/cobertura-com-3-quartos-a-venda-e-2-vagas-bairro-rio-branco-em-porto-alegre/11151-BE;2026-07-11T01:21:09.408Z
rgi;venda;10889937;Sala Comercial;Sala Comercial com 1 sala à venda;Porto Alegre;Petrópolis;RS;90410003;Avenida Protásio Alves;-30.0414320000000000;-51.1777001000000000;;2;;0;;;61;290000;290400;https://www.redegauchadeimoveis.com.br/imovel/sala-comercial-a-venda-61m2-bairro-petropolis-em-porto-alegre/62642-PO;2026-07-11T01:21:09.408Z
rgi;venda;10175952;Kitnet;Kitnet à venda;Porto Alegre;Cidade Baixa;RS;90050320;Rua da República;-30.0396603000000000;-51.2247967000000000;0;2;0;0;45;30;30;150000;0;https://www.redegauchadeimoveis.com.br/imovel/kitnet-a-venda-bairro-cidade-baixa-em-porto-alegre/3176424-FR;2026-07-11T01:21:09.408Z
rgi;venda;9379539;Casa;Casa com 1 quarto à venda;Porto Alegre;Vila Nova;RS;91750460;Rua Marquês do Maricá;-30.1168253000000000;-51.2134684000000000;1;1;0;2;619;99;99;460000;460078.87;https://www.redegauchadeimoveis.com.br/imovel/casa-com-1-quarto-a-venda-e-2-vagas-bairro-vila-nova-em-porto-alegre/453996-LU;2026-07-11T01:21:09.408Z
rgi;venda;3550186;Casa;Casa com 2 quartos à venda;Porto Alegre;Tristeza;RS;91910280;Rua Jose Gomes;-30.1091039000000000;-51.2490080000000000;2;1;0;2;374;220;220;750000;0;https://www.redegauchadeimoveis.com.br/imovel/casa-com-2-quartos-a-venda-e-2-vagas-bairro-tristeza-em-porto-alegre/437825-LU;2026-07-11T01:21:09.408Z
rgi;venda;3421918;Apartamento;Apartamento com 3 quartos à venda;Porto Alegre;Cristo Redentor;RS;91350300;Rua Carlos Silveira Martins Pacheco;;;3;1;0;1;116;;70;545000;545650;https://www.redegauchadeimoveis.com.br/imovel/apartamento-com-3-quartos-a-venda-e-1-vaga-bairro-cristo-redentor-em-porto-alegre/17713-VT;2026-07-11T01:21:10.132Z
rgi;venda;9865709;Apartamento;Apartamento com 2 quartos à venda;Porto Alegre;Medianeira;RS;90870250;Avenida Silva Paes;-30.0706620000000000;-51.2116938000000000;2;1;0;1;;;58;224990;225490;https://www.redegauchadeimoveis.com.br/imovel/apartamento-com-2-quartos-a-venda-e-1-vaga-bairro-medianeira-em-porto-alegre/70482-VT;2026-07-11T01:21:10.132Z
rgi;venda;9944481;Sítio;Sítio com 48 m² à venda;Porto Alegre;Boa Vista do Sul;RS;91787220;Beco da Vitória;-30.2040216000000000;-51.1241825000000000;3;1;0;2;2;2;150;650000;650016.66;https://www.redegauchadeimoveis.com.br/imovel/sitio-a-venda-porto-alegre-rs-48-m2/455625-LU;2026-07-11T01:21:10.132Z
rgi;venda;10149418;Cobertura;Cobertura com 3 quartos à venda;Porto Alegre;Santa Tereza;RS;90850240;Rua Cleveland;-30.0662391000000000;-51.2233339000000000;3;4;1;3;801;;471;1090000;0;https://www.redegauchadeimoveis.com.br/imovel/cobertura-com-3-quartos-a-venda-e-3-vagas-bairro-santa-tereza-em-porto-alegre/49526-VT;2026-07-11T01:21:10.132Z
rgi;venda;9942686;Apartamento;Apartamento com 2 quartos à venda;Porto Alegre;Morro Santana;RS;91450140;Beco Souza Costa;-30.0471087000000000;-51.1367717000000000;2;1;0;1;56;56;56;330000;330486.66;https://www.redegauchadeimoveis.com.br/imovel/apartamento-com-2-quartos-a-venda-e-1-vaga-bairro-morro-santana-em-porto-alegre/19082-TR;2026-07-11T01:21:10.132Z
rgi;venda;6696605;Loja;Loja com 2 salas à venda;Porto Alegre;Rubem Berta;RS;91150000;Avenida Baltazar de Oliveira Garcia;-30.0146124000000000;-51.1199643000000000;;2;;2;329;329;329;1250000;1250108.33;https://www.redegauchadeimoveis.com.br/imovel/loja-a-venda-329m2-e-2-vagas-bairro-rubem-berta-em-porto-alegre/96579-TR;2026-07-11T01:21:10.132Z
rgi;venda;8108773;Sala Comercial;Sala Comercial com 2 salas à venda;Porto Alegre;Azenha;RS;90620050;Rua Doutor Ramiro D'Ávila;-30.0486988000000000;-51.2126919000000000;;2;;0;79;61;61;137800;0;https://www.redegauchadeimoveis.com.br/imovel/sala-comercial-a-venda-61m2-bairro-azenha-em-porto-alegre/3172678-FR;2026-07-11T01:21:17.365Z
rgi;venda;10834727;Prédio Residencial;Prédio Residencial com 3 quartos à venda;Porto Alegre;Nonoai;RS;91720470;Rua Coronel Ruy da Cunha Paim;-30.0908161000000000;-51.2131283000000000;3;4;0;3;600;;400;800000;800100;https://www.redegauchadeimoveis.com.br/imovel/predio-residencial-com-3-quartos-a-venda-e-3-vagas-bairro-nonoai-em-porto-alegre/460166-LU;2026-07-11T01:21:17.365Z
rgi;venda;10731963;Apartamento;Apartamento com 1 quarto à venda;Porto Alegre;Partenon;RS;90620220;Rua Euclydes da Cunha;-30.0523617000000000;-51.1977596000000000;1;1;0;0;;;42;160000;0;https://www.redegauchadeimoveis.com.br/imovel/apartamento-com-1-quarto-a-venda-bairro-partenon-em-porto-alegre/3177514-FR;2026-07-11T01:21:17.365Z
rgi;venda;8867369;Terreno;Terreno / Lote à venda;Porto Alegre;Cavalhada;RS;91910180;Avenida Otto Niemeyer;-30.1015221000000000;-51.2288158000000000;;;;;;;;380000;0;https://www.redegauchadeimoveis.com.br/imovel/terreno--lote-a-venda-bairro-cavalhada-em-porto-alegre/50139-MT;2026-07-11T01:21:17.365Z
rgi;venda;10505268;Apartamento;Apartamento com 2 quartos à venda;Porto Alegre;Jardim Botânico;RS;90690200;Rua Felizardo;-30.0510681000000000;-51.1848362000000000;2;2;1;1;103;;70;750000;750824;https://www.redegauchadeimoveis.com.br/imovel/apartamento-com-2-quartos-a-venda-e-1-vaga-bairro-jardim-botanico-em-porto-alegre/456941-LU;2026-07-11T01:21:17.365Z
rgi;venda;3689225;Apartamento;Apartamento com 1 quarto à venda;Porto Alegre;Vila São José;RS;91520630;Rua Saldanha da Gama;-30.0631355000000000;-51.1616030000000000;1;1;0;1;66;;46;300000;300331.24;https://www.redegauchadeimoveis.com.br/imovel/apartamento-com-1-quarto-a-venda-e-1-vaga-bairro-vila-sao-jose-em-porto-alegre/9278-OT;2026-07-11T01:21:17.365Z
rgi;venda;4344644;Apartamento;Apartamento com 2 quartos à venda;Porto Alegre;Sarandi;RS;91130480;Rua Zeferino Dias;-30.0032312000000000;-51.1323869000000000;2;1;0;1;54;48;48;228000;228260;https://www.redegauchadeimoveis.com.br/imovel/apartamento-com-2-quartos-a-venda-e-1-vaga-bairro-sarandi-em-porto-alegre/3289-CN;2026-07-11T01:21:17.365Z
rgi;venda;3694481;Apartamento;Apartamento com 2 quartos à venda;Porto Alegre;Petrópolis;RS;90630000;Rua Felipe de Oliveira;-30.0423191000000000;-51.2008288000000000;2;1;0;0;104;96;96;289000;289410;https://www.redegauchadeimoveis.com.br/imovel/apartamento-com-2-quartos-a-venda-bairro-petropolis-em-porto-alegre/50879867-LI;2026-07-11T01:21:17.365Z
rgi;venda;9426866;Apartamento;Apartamento com 2 quartos à venda;Porto Alegre;Jardim Planalto;RS;91220470;Rua Rubens Rosa Guedes;-30.0120875000000000;-51.1338341000000000;2;2;0;1;102;75;75;379900;380290;https://www.redegauchadeimoveis.com.br/imovel/apartamento-com-2-quartos-a-venda-e-1-vaga-bairro-jardim-planalto-em-porto-alegre/6912-HT;2026-07-11T01:21:18.286Z
rgi;venda;3599797;Casa;Casa com 2 quartos à venda;Porto Alegre;Restinga;RS;91792160;Acesso F;-30.1547880000000000;-51.1392865000000000;2;1;0;2;;;42;240000;0;https://www.redegauchadeimoveis.com.br/imovel/casa-com-2-quartos-a-venda-e-2-vagas-bairro-restinga-em-porto-alegre/3641-MZ;2026-07-11T01:21:18.286Z
rgi;venda;3546867;Casa de Condomínio;Casa de Condomínio com 3 quartos à venda;Porto Alegre;Jardim Isabel;RS;91760450;Rua Joao Mendes Ouriques;-30.1255205000000000;-51.2359214000000000;3;4;1;2;;225;225;810000;810565.66;https://www.redegauchadeimoveis.com.br/imovel/casa-de-condominio-com-3-quartos-a-venda-e-2-vagas-bairro-jardim-isabel-em-porto-alegre/436569-LU;2026-07-11T01:21:18.286Z
rgi;venda;10478170;Apartamento;Apartamento com 2 quartos à venda;Porto Alegre;Camaquã;RS;91910650;Rua Chico Pedro;-30.0985394000000000;-51.2447204000000000;2;2;0;2;91;91;64;300000;300482;https://www.redegauchadeimoveis.com.br/imovel/apartamento-com-2-quartos-a-venda-e-2-vagas-bairro-camaqua-em-porto-alegre/8360-CN;2026-07-11T01:21:18.287Z
rgi;venda;9944781;Terreno;Terreno / Lote à venda;Porto Alegre;Alphaville;RS;91787400;Estrada das Três Meninas;-30.1253091000000000;-51.1881431000000000;;;;;;;;595000;0;https://www.redegauchadeimoveis.com.br/imovel/terreno--lote-a-venda-bairro-alphaville-em-porto-alegre/455626-LU;2026-07-11T01:21:18.287Z
rgi;venda;3180317;Apartamento;Apartamento com 2 quartos à venda;Porto Alegre;Menino Deus;RS;90110170;Rua Dezessete de Junho;-30.0468914000000000;-51.2249653999999900;2;1;0;0;75;;54;275000;275300;https://www.redegauchadeimoveis.com.br/imovel/apartamento-com-2-quartos-a-venda-bairro-menino-deus-em-porto-alegre/8869-PJ;2026-07-11T01:21:18.287Z
rgi;venda;3686943;Casa;Casa com 3 quartos à venda;Porto Alegre;Partenon;RS;90680430;Rua Graciano Azambuja;-30.0683711000000000;-51.1911658999999900;3;4;2;0;;;250;750000;751615;https://www.redegauchadeimoveis.com.br/imovel/casa-com-3-quartos-a-venda-bairro-partenon-em-porto-alegre/6831-OT;2026-07-11T01:21:19.508Z
rgi;venda;3688795;Casa;Casa com 4 quartos à venda;Porto Alegre;Higienópolis;RS;90540080;Rua Libano;-30.0148904000000000;-51.1847864999999900;4;4;2;3;;;307;1400000;0;https://www.redegauchadeimoveis.com.br/imovel/casa-com-4-quartos-a-venda-e-3-vagas-bairro-higienopolis-em-porto-alegre/8797-OT;2026-07-11T01:21:19.508Z
rgi;venda;9197154;Casa;Casa com 3 quartos à venda;Porto Alegre;Ipanema;RS;91770590;Olecio Cavedini;-30.1457500000000000;-51.2168003000000000;3;2;1;4;185;;185;678900;0;https://www.redegauchadeimoveis.com.br/imovel/casa-com-3-quartos-a-venda-e-4-vagas-bairro-ipanema-em-porto-alegre/4792-DMI;2026-07-11T01:21:19.508Z
rgi;venda;3248470;Sobrado;Sobrado com 3 quartos à venda;Porto Alegre;Aberta dos Morros;RS;;;-30.1616133000000000;-51.1949453000000000;3;3;1;2;125;;102;560000;0;https://www.redegauchadeimoveis.com.br/imovel/sobrado-com-3-quartos-a-venda-e-2-vagas-bairro-aberta-dos-morros-em-porto-alegre/421-WI;2026-07-11T01:21:19.508Z
rgi;venda;3244153;Casa;Casa com 5 quartos à venda;Porto Alegre;Santa Tereza;RS;;;-30.0729230000000000;-51.2166969000000000;5;3;1;4;;;206;980000;0;https://www.redegauchadeimoveis.com.br/imovel/casa-com-5-quartos-a-venda-e-4-vagas-bairro-santa-tereza-em-porto-alegre/374-WI;2026-07-11T01:21:19.508Z
rgi;venda;3248450;Pavilhão;Pavilhão à venda;Porto Alegre;Restinga;RS;;;-30.1680712000000000;-51.1405548000000000;;1;;3;;;;500000;0;https://www.redegauchadeimoveis.com.br/imovel/pavilhao-a-venda-e-3-vagas-bairro-restinga-em-porto-alegre/418-WI;2026-07-11T01:21:19.508Z
rgi;venda;3248424;Casa;Casa com 7 quartos à venda;Porto Alegre;Espírito Santo;RS;;;-30.1464543000000000;-51.2175234000000000;7;2;1;5;;;200;550000;0;https://www.redegauchadeimoveis.com.br/imovel/casa-com-7-quartos-a-venda-e-5-vagas-bairro-espirito-santo-em-porto-alegre/416-WI;2026-07-11T01:21:19.508Z
rgi;venda;3244196;Casa;Casa com 4 quartos à venda;Porto Alegre;Restinga;RS;;;-30.1487762000000000;-51.1452578000000000;4;2;0;1;150;;190;300000;0;https://www.redegauchadeimoveis.com.br/imovel/casa-com-4-quartos-a-venda-e-1-vaga-bairro-restinga-em-porto-alegre/375-WI;2026-07-11T01:21:19.508Z
rgi;venda;3412955;Cobertura;Cobertura com 3 quartos à venda;Porto Alegre;Centro Histórico;RS;90050200;Rua Avai;-30.0340024000000000;-51.2227449000000000;3;3;1;1;252;;191;979000;980053.33;https://www.redegauchadeimoveis.com.br/imovel/cobertura-com-3-quartos-a-venda-e-1-vaga-bairro-centro-historico-em-porto-alegre/13956-BT;2026-07-11T01:21:20.320Z
rgi;venda;3417816;Cobertura;Cobertura com 2 quartos à venda;Porto Alegre;Cristo Redentor;RS;91040090;Rua Javari;;;2;2;0;1;154;;121;550000;550558.33;https://www.redegauchadeimoveis.com.br/imovel/cobertura-com-2-quartos-a-venda-e-1-vaga-bairro-cristo-redentor-em-porto-alegre/18194-BT;2026-07-11T01:21:20.320Z
rgi;venda;3411858;Casa de Condomínio;Casa de Condomínio com 3 quartos à venda;Porto Alegre;Vila Nova;RS;91740624;Rua Manuele Cristiane Goncalves;-30.1055312000000000;-51.2200729000000000;3;3;1;2;;;197;660000;660240;https://www.redegauchadeimoveis.com.br/imovel/casa-de-condominio-com-3-quartos-a-venda-e-2-vagas-bairro-vila-nova-em-porto-alegre/13117-BT;2026-07-11T01:21:20.320Z
rgi;venda;3411878;Apartamento;Apartamento com 2 quartos à venda;Porto Alegre;Vila Nova;RS;91750210;Beco Pedro Rodrigues Bittencourt;-30.1282680000000000;-51.2137423000000000;2;1;0;1;43;38;38;120000;120203.99;https://www.redegauchadeimoveis.com.br/imovel/apartamento-com-2-quartos-a-venda-e-1-vaga-bairro-vila-nova-em-porto-alegre/13122-BT;2026-07-11T01:21:20.320Z
rgi;venda;8867180;Apartamento;Apartamento com 4 quartos à venda;Porto Alegre;Moinhos de Vento;RS;90510000;Rua Vinte e Quatro de Outubro;-30.0234446000000000;-51.1986598000000000;4;5;3;1;199;167;167;1100000;1102100;https://www.redegauchadeimoveis.com.br/imovel/apartamento-com-4-quartos-a-venda-e-1-vaga-bairro-moinhos-de-vento-em-porto-alegre/96184-BT;2026-07-11T01:21:20.320Z
rgi;venda;3414096;Apartamento;Apartamento com 2 quartos à venda;Porto Alegre;Cidade Baixa;RS;90050310;Rua Luiz Afonso;-30.0393717000000000;-51.2219381000000000;2;2;1;1;65;;65;750000;750615;https://www.redegauchadeimoveis.com.br/imovel/apartamento-com-2-quartos-a-venda-e-1-vaga-bairro-cidade-baixa-em-porto-alegre/14969-BT;2026-07-11T01:21:20.320Z
rgi;venda;3409614;Casa;Casa com 4 quartos à venda;Porto Alegre;Chácara das Pedras;RS;91330281;Rua Joao Paetzel;-30.0384740999999900;-51.1624318999999900;4;5;1;3;;;327;1600000;1600416.66;https://www.redegauchadeimoveis.com.br/imovel/casa-com-4-quartos-a-venda-e-3-vagas-bairro-chacara-das-pedras-em-porto-alegre/11696-BT;2026-07-11T01:21:20.320Z
rgi;venda;3551778;Casa de Condomínio;Casa de Condomínio com 6 quartos à venda;Porto Alegre;Alphaville;RS;91787400;Estrada das Três Meninas;-30.1258728000000000;-51.1824167000000000;6;7;4;4;;;440;4800000;4802433.33;https://www.redegauchadeimoveis.com.br/imovel/casa-de-condominio-com-6-quartos-a-venda-e-4-vagas-bairro-alphaville-em-porto-alegre/1378-LP;2026-07-11T01:21:23.038Z
rgi;venda;3551226;Casa de Condomínio;Casa de Condomínio com 4 quartos à venda;Porto Alegre;Alphaville;RS;91787400;Estrada das Três Meninas;-30.1231373000000000;-51.1915322000000000;4;6;4;3;;;293;2490000;2491800.01;https://www.redegauchadeimoveis.com.br/imovel/casa-de-condominio-com-4-quartos-a-venda-e-3-vagas-bairro-alphaville-em-porto-alegre/1092-LP;2026-07-11T01:21:23.038Z
rgi;venda;3551072;Casa de Condomínio;Casa de Condomínio com 3 quartos à venda;Porto Alegre;Alphaville;RS;91787400;Estrada das Três Meninas;-30.1231373000000000;-51.1915322000000000;3;4;3;2;;;250;2300000;2302066.66;https://www.redegauchadeimoveis.com.br/imovel/casa-de-condominio-com-3-quartos-a-venda-e-2-vagas-bairro-alphaville-em-porto-alegre/1001-LP;2026-07-11T01:21:23.038Z
rgi;venda;3551194;Casa de Condomínio;Casa de Condomínio com 3 quartos à venda;Porto Alegre;Alphaville;RS;91787400;Estrada das Três Meninas;-30.1231373000000000;-51.1915322000000000;3;5;3;2;;;293;1950000;1952100;https://www.redegauchadeimoveis.com.br/imovel/casa-de-condominio-com-3-quartos-a-venda-e-2-vagas-bairro-alphaville-em-porto-alegre/1065-LP;2026-07-11T01:21:23.038Z
rgi;venda;3551284;Casa de Condomínio;Casa de Condomínio com 4 quartos à venda;Porto Alegre;Alphaville;RS;91787400;Estrada das Três Meninas;-30.1276888000000000;-51.1827798000000000;4;6;4;4;;;297;2890000;2891700;https://www.redegauchadeimoveis.com.br/imovel/casa-de-condominio-com-4-quartos-a-venda-e-4-vagas-bairro-alphaville-em-porto-alegre/1122-LP;2026-07-11T01:21:23.038Z
rgi;venda;3528790;Casa;Casa com 3 quartos à venda;Porto Alegre;Cristal;RS;90820180;Rua Jaguari;-30.0886750000000000;-51.2360509999999750;3;0;0;8;;;200;600000;602000;https://www.redegauchadeimoveis.com.br/imovel/casa-com-3-quartos-a-venda-e-8-vagas-bairro-cristal-em-porto-alegre/428882-LU;2026-07-11T01:21:23.038Z
rgi;venda;8392533;Cobertura;Cobertura com 3 quartos à venda;Porto Alegre;Jardim Lindóia;RS;91050290;Rua Irmão Augusto;-29.9990245000000000;-51.1545137000000000;3;4;1;2;361;;277;1250000;0;https://www.redegauchadeimoveis.com.br/imovel/cobertura-com-3-quartos-a-venda-e-2-vagas-bairro-jardim-lindoia-em-porto-alegre/69963-UH;2026-07-11T01:21:23.038Z
rgi;venda;9431937;Apartamento;Apartamento com 1 quarto à venda;Porto Alegre;Rio Branco;RS;90420132;Rua Ramiro Barcelos;-30.0255596000000000;-51.2096027000000000;1;1;0;0;45;38;38;170000;170404;https://www.redegauchadeimoveis.com.br/imovel/apartamento-com-1-quarto-a-venda-bairro-rio-branco-em-porto-alegre/18261-TR;2026-07-11T01:21:23.038Z
rgi;venda;10885867;Studio;Studio com 1 quarto à venda;Porto Alegre;Cidade Baixa;RS;90040000;Avenida João Pessoa;-30.0299009000000000;-51.2309124000000000;1;1;0;1;24;24;24;295000;0;https://www.redegauchadeimoveis.com.br/imovel/studio-com-1-quarto-a-venda-e-1-vaga-bairro-cidade-baixa-em-porto-alegre/82308-EX;2026-07-11T01:21:24.673Z
rgi;venda;10885800;Cobertura;Cobertura com 2 quartos à venda;Porto Alegre;Petrópolis;RS;90670130;Rua Buenos Aires;-30.0490135000000000;-51.1883004000000000;2;3;0;1;202;155;155;840000;841100;https://www.redegauchadeimoveis.com.br/imovel/cobertura-com-2-quartos-a-venda-e-1-vaga-bairro-petropolis-em-porto-alegre/89368-BZ;2026-07-11T01:21:24.673Z
rgi;venda;9866990;Apartamento;Apartamento com 1 quarto à venda;Porto Alegre;Menino Deus;RS;90150060;Rua Cícero Ahrends;-30.0529751000000000;-51.2270629000000000;1;1;0;0;;;45;225000;225392;https://www.redegauchadeimoveis.com.br/imovel/apartamento-com-1-quarto-a-venda-bairro-menino-deus-em-porto-alegre/81126-CC;2026-07-11T01:21:24.673Z
rgi;venda;9865098;Apartamento;Apartamento com 3 quartos à venda;Porto Alegre;Passo da Areia;RS;91340240;Rua Luiz Cosme;-30.0189462000000000;-51.1693470000000000;3;2;0;1;;;170;791000;792300;https://www.redegauchadeimoveis.com.br/imovel/apartamento-com-3-quartos-a-venda-e-1-vaga-bairro-passo-da-areia-em-porto-alegre/6053-CC;2026-07-11T01:21:24.673Z
rgi;venda;10302181;Apartamento;Apartamento com 2 quartos à venda;Porto Alegre;Petrópolis;RS;90630000;Rua Felipe de Oliveira;-30.0435471000000000;-51.1929926000000000;2;2;1;1;;;73;742000;743146;https://www.redegauchadeimoveis.com.br/imovel/apartamento-com-2-quartos-a-venda-e-1-vaga-bairro-petropolis-em-porto-alegre/44034-CC;2026-07-11T01:21:24.673Z
rgi;venda;9896535;Apartamento;Apartamento com 3 quartos à venda;Porto Alegre;Centro Histórico;RS;90020061;Rua Marechal Floriano Peixoto;-30.0355308000000000;-51.2274045000000000;3;2;1;1;;;125;980000;980800;https://www.redegauchadeimoveis.com.br/imovel/apartamento-com-3-quartos-a-venda-e-1-vaga-bairro-centro-historico-em-porto-alegre/31884-CC;2026-07-11T01:21:24.673Z
rgi;venda;10853073;Apartamento;Apartamento com 1 quarto à venda;Porto Alegre;Centro Histórico;RS;90010221;Avenida Senador Salgado Filho;-30.0310361000000000;-51.2266301000000000;1;1;1;0;45;37;37;240000;240403.33;https://www.redegauchadeimoveis.com.br/imovel/apartamento-com-1-quarto-a-venda-bairro-centro-historico-em-porto-alegre/394163-RP;2026-07-11T01:21:24.673Z
rgi;venda;3596729;Casa;Casa com 2 quartos à venda;Porto Alegre;Partenon;RS;90680071;Rua Barão do Amazonas;-30.0563845000000000;-51.1902925000000000;2;1;0;2;;;200;620000;0;https://www.redegauchadeimoveis.com.br/imovel/casa-com-2-quartos-a-venda-e-2-vagas-bairro-partenon-em-porto-alegre/51-PK;2026-07-11T01:21:32.355Z
rgi;venda;10474682;Apartamento;Apartamento com 3 quartos à venda;Porto Alegre;Partenon;RS;90650003;Avenida Bento Gonçalves;-30.0595581000000000;-51.1929755000000000;3;1;0;1;96;84;84;250000;250430;https://www.redegauchadeimoveis.com.br/imovel/apartamento-com-3-quartos-a-venda-e-1-vaga-bairro-partenon-em-porto-alegre/689-PK;2026-07-11T01:21:32.355Z
rgi;venda;7107159;Loja;Loja com 1 sala à venda;Porto Alegre;Jardim Botânico;RS;90670040;Rua La Plata;-30.0516104000000000;-51.1906807000000000;;1;;0;72;53;53;250000;250270;https://www.redegauchadeimoveis.com.br/imovel/loja-a-venda-53m2-bairro-jardim-botanico-em-porto-alegre/632-PK;2026-07-11T01:21:32.355Z
rgi;venda;3596679;Apartamento;Apartamento com 1 quarto à venda;Porto Alegre;Floresta;RS;90220160;Rua Gaspar Martins;-30.0216560000000000;-51.2112028000000000;1;1;0;0;54;;45;145000;145330;https://www.redegauchadeimoveis.com.br/imovel/apartamento-com-1-quarto-a-venda-bairro-floresta-em-porto-alegre/11-PK;2026-07-11T01:21:32.355Z
rgi;venda;3391679;Casa;Casa com 3 quartos à venda;Porto Alegre;Hípica;RS;91788102;Rua Irmao Mainar Longhi;-30.1531800085293200;-51.1662912368774400;3;1;0;0;;;62;275000;0;https://www.redegauchadeimoveis.com.br/imovel/casa-com-3-quartos-a-venda-bairro-hipica-em-porto-alegre/3725-SC;2026-07-11T01:21:32.355Z
rgi;venda;10580494;Apartamento;Apartamento com 2 quartos à venda;Porto Alegre;Vila São José;RS;91520540;Rua Primeiro de Setembro;-30.0313308000000000;-51.2370844000000000;2;1;0;1;51;51;51;265000;265391.66;https://www.redegauchadeimoveis.com.br/imovel/apartamento-com-2-quartos-a-venda-e-1-vaga-bairro-vila-sao-jose-em-porto-alegre/34312-LI;2026-07-11T01:21:32.355Z
rgi;venda;3621288;Apartamento;Apartamento com 2 quartos à venda;Porto Alegre;Cristal;RS;90810150;Avenida Jacuí;-30.0771774000000000;-51.2414210000000000;2;1;0;1;52;;49;260000;260415;https://www.redegauchadeimoveis.com.br/imovel/apartamento-com-2-quartos-a-venda-e-1-vaga-bairro-cristal-em-porto-alegre/527904-VR;2026-07-11T01:21:32.355Z
rgi;venda;10884567;Casa;Casa com 3 quartos à venda;Porto Alegre;Ponta Grossa;RS;91780508;Rua Tunel Verde;-30.0718228000000000;-51.1732323000000000;3;3;1;2;300;300;300;191000;0;https://www.redegauchadeimoveis.com.br/imovel/casa-com-3-quartos-a-venda-e-2-vagas-bairro-ponta-grossa-em-porto-alegre/460260-LU;2026-07-11T01:21:34.447Z
rgi;venda;3522982;Apartamento;Apartamento com 1 quarto à venda;Porto Alegre;Menino Deus;RS;90110170;Rua Dezessete de Junho;-30.0475285000000000;-51.2217279000000000;1;1;0;0;52;;38;240000;240570;https://www.redegauchadeimoveis.com.br/imovel/apartamento-com-1-quarto-a-venda-bairro-menino-deus-em-porto-alegre/3438-FR;2026-07-11T01:21:34.447Z
rgi;venda;10281826;Apartamento;Apartamento com 2 quartos à venda;Porto Alegre;Floresta;RS;90220005;Avenida Farrapos;-30.0164237000000000;-51.2070403000000000;2;1;0;0;71;63;63;150000;150366.12;https://www.redegauchadeimoveis.com.br/imovel/apartamento-com-2-quartos-a-venda-bairro-floresta-em-porto-alegre/343708-RP;2026-07-11T01:21:34.447Z
rgi;venda;10884267;Apartamento;Apartamento com 2 quartos à venda;Porto Alegre;Lomba do Pinheiro;RS;;;;;2;1;0;1;43;;38;130000;130390;https://www.redegauchadeimoveis.com.br/imovel/apartamento-com-2-quartos-a-venda-e-1-vaga-bairro-lomba-do-pinheiro-em-porto-alegre/45133-VIR;2026-07-11T01:21:34.447Z
rgi;venda;8700054;Apartamento;Apartamento com 3 quartos à venda;Porto Alegre;Menino Deus;RS;90850120;Rua Barão do Guaíba;-30.0614942000000000;-51.2220610000000000;3;3;1;2;204;152;152;1700000;1702259;https://www.redegauchadeimoveis.com.br/imovel/apartamento-com-3-quartos-a-venda-e-2-vagas-bairro-menino-deus-em-porto-alegre/14024-PJ;2026-07-11T01:21:34.447Z
rgi;venda;8699513;Casa;Casa com 4 quartos à venda;Porto Alegre;Vila João Pessoa;RS;91510590;Avenida Luiz Moschetti;-30.0718610000000000;-51.1768032000000000;4;4;2;4;400;254;254;855000;855154.41;https://www.redegauchadeimoveis.com.br/imovel/casa-com-4-quartos-a-venda-e-4-vagas-bairro-vila-joao-pessoa-em-porto-alegre/14023-PJ;2026-07-11T01:21:34.447Z
rgi;venda;10516237;Apartamento;Apartamento com 3 quartos à venda;Porto Alegre;Higienópolis;RS;90550080;Rua São Francisco da Califórnia;-29.7017668000000000;-53.6969993000000000;3;2;0;1;80;75;75;500000;500583.33;https://www.redegauchadeimoveis.com.br/imovel/apartamento-com-3-quartos-a-venda-e-1-vaga-bairro-higienopolis-em-porto-alegre/91594-BT;2026-07-11T01:21:34.447Z
rgi;venda;3179151;Apartamento;Apartamento com 3 quartos à venda;Porto Alegre;Santana;RS;90040200;Rua Augusto Pestana;-30.0373432000000000;-51.2093457000000000;3;2;0;0;142;;142;477000;477764.48;https://www.redegauchadeimoveis.com.br/imovel/apartamento-com-3-quartos-a-venda-bairro-santana-em-porto-alegre/7707-PJ;2026-07-11T01:21:34.447Z
rgi;venda;10471091;Casa;Casa com 3 quartos à venda;Porto Alegre;Jardim Isabel;RS;91760390;Rua Homero Prates;-30.1268079000000000;-51.2344306000000000;3;2;1;2;;246;246;800000;800250;https://www.redegauchadeimoveis.com.br/imovel/casa-com-3-quartos-a-venda-e-2-vagas-bairro-jardim-isabel-em-porto-alegre/61426-BT;2026-07-11T01:21:36.777Z
rgi;venda;3540395;Pavilhão;Pavilhão à venda;Porto Alegre;Agronomia;RS;91540970;Avenida Bento Goncalves;;;;1;;0;;;1000;2100000;0;https://www.redegauchadeimoveis.com.br/imovel/pavilhao-a-venda-1000m2-bairro-agronomia-em-porto-alegre/434299-LU;2026-07-11T01:21:36.777Z
rgi;venda;3559845;Apartamento;Apartamento com 2 quartos à venda;Porto Alegre;Petrópolis;RS;90670020;Rua Eça de Queiroz;-30.0420487000000000;-51.1916006000000000;2;2;0;0;124;;109;314000;0;https://www.redegauchadeimoveis.com.br/imovel/apartamento-com-2-quartos-a-venda-bairro-petropolis-em-porto-alegre/444129-LU;2026-07-11T01:21:36.777Z
rgi;venda;3512123;Apartamento;Apartamento com 1 quarto à venda;Porto Alegre;Centro Histórico;RS;90010310;Rua Demetrio Ribeiro;-30.0358787000000000;-51.2385701000000000;1;1;0;1;56;;52;350000;350431.66;https://www.redegauchadeimoveis.com.br/imovel/apartamento-com-1-quarto-a-venda-e-1-vaga-bairro-centro-historico-em-porto-alegre/615-LA;2026-07-11T01:21:36.777Z
rgi;venda;9163271;Apartamento;Apartamento com 2 quartos à venda;Porto Alegre;Centro Histórico;RS;90010272;Rua Riachuelo;-30.0325547000000000;-51.2340213000000000;2;1;0;0;70;;70;339200;339780;https://www.redegauchadeimoveis.com.br/imovel/apartamento-com-2-quartos-a-venda-bairro-centro-historico-em-porto-alegre/6650-LA;2026-07-11T01:21:36.777Z
rgi;venda;8809764;Sala Comercial;Sala Comercial com 1 sala à venda;Porto Alegre;Menino Deus;RS;90160240;Rua Saldanha Marinho;-30.0578124000000000;-51.2226273000000000;;1;;1;43;24;24;250000;0;https://www.redegauchadeimoveis.com.br/imovel/sala-comercial-a-venda-24m2-e-1-vaga-bairro-menino-deus-em-porto-alegre/3173912-FR;2026-07-11T01:21:36.777Z
rgi;venda;3525405;Loja;Loja com 1 sala à venda;Porto Alegre;Menino Deus;RS;90150004;Avenida Getúlio Vargas;-30.0585983000000000;-51.2227149000000000;;1;;0;34;;28;320000;0;https://www.redegauchadeimoveis.com.br/imovel/loja-a-venda-28m2-bairro-menino-deus-em-porto-alegre/4700-FR;2026-07-11T01:21:36.777Z
rgi;venda;3510921;Casa de Condomínio;Casa de Condomínio com 3 quartos à venda;Porto Alegre;Ipanema;RS;91751720;Rua Sinai;-30.1391263000000000;-51.2171753000000000;3;4;3;2;;;167;1249000;1249758.33;https://www.redegauchadeimoveis.com.br/imovel/casa-de-condominio-com-3-quartos-a-venda-e-2-vagas-bairro-ipanema-em-porto-alegre/12190-BZ;2026-07-11T01:21:36.777Z
rgi;venda;10881865;Apartamento;Apartamento com 2 quartos à venda;Porto Alegre;Rio Branco;RS;90420041;Santa Cecília;-30.0362300000000000;-51.1968040000000000;2;3;2;1;;;77;1050000;1050820;https://www.redegauchadeimoveis.com.br/imovel/apartamento-com-2-quartos-a-venda-e-1-vaga-bairro-rio-branco-em-porto-alegre/40110-CC;2026-07-11T01:21:37.269Z
rgi;venda;10165420;Apartamento;Apartamento com 3 quartos à venda;Porto Alegre;Centro Histórico;RS;90010210;Rua General Andrade Neves;-30.0307688000000000;-51.2285107000000000;3;1;0;0;120;101;101;397500;398193;https://www.redegauchadeimoveis.com.br/imovel/apartamento-com-3-quartos-a-venda-bairro-centro-historico-em-porto-alegre/202636-FR;2026-07-11T01:21:37.269Z
rgi;venda;9296593;Casa;Casa com 3 quartos à venda;Porto Alegre;Rubem Berta;RS;91180110;Rua Ovídio Moraes Leal;-30.0082013000000000;-51.0944185000000000;3;2;1;2;125;125;125;450000;0;https://www.redegauchadeimoveis.com.br/imovel/casa-com-3-quartos-a-venda-e-2-vagas-bairro-rubem-berta-em-porto-alegre/8053-CN;2026-07-11T01:21:37.269Z
rgi;venda;9610496;Apartamento;Apartamento com 3 quartos à venda;Porto Alegre;Passo da Areia;RS;91350180;Rua Antônio Joaquim Mesquita;-30.0168113000000000;-51.1610429000000000;3;2;1;1;114;69;69;690000;690650;https://www.redegauchadeimoveis.com.br/imovel/apartamento-com-3-quartos-a-venda-e-1-vaga-bairro-passo-da-areia-em-porto-alegre/8575-CN;2026-07-11T01:21:37.269Z
rgi;venda;10479048;Casa de Condomínio;Casa de Condomínio com 3 quartos à venda;Porto Alegre;Jardim Lindóia;RS;91060240;Rua Augusto Attílio Giordani;-30.0024257000000000;-51.1438969000000000;3;3;1;2;200;146;146;799000;799655;https://www.redegauchadeimoveis.com.br/imovel/casa-de-condominio-com-3-quartos-a-venda-e-2-vagas-bairro-jardim-lindoia-em-porto-alegre/2927-CN;2026-07-11T01:21:37.269Z
rgi;venda;9784054;Casa;Casa com 3 quartos à venda;Porto Alegre;São Geraldo;RS;90230140;Rua Conselheiro Travassos;-30.0132650000000000;-51.2086720000000000;3;2;0;1;174;146;146;560000;0;https://www.redegauchadeimoveis.com.br/imovel/casa-com-3-quartos-a-venda-e-1-vaga-bairro-sao-geraldo-em-porto-alegre/8974-CN;2026-07-11T01:21:37.269Z
rgi;venda;10077834;Casa de Condomínio;Casa de Condomínio com 4 quartos à venda;Porto Alegre;Ecoville;RS;91150180;Avenida Willy Eugênio Fleck;-30.0030086000000000;-51.1203836000000000;4;3;1;2;249;157;157;949000;949900;https://www.redegauchadeimoveis.com.br/imovel/casa-de-condominio-com-4-quartos-a-venda-e-2-vagas-bairro-ecoville-em-porto-alegre/8990-CN;2026-07-11T01:21:37.269Z
rgi;venda;10216254;Apartamento;Apartamento com 2 quartos à venda;Porto Alegre;Higienópolis;RS;90520060;Rua Coronel Feijó;-30.0162932000000000;-51.1818243000000000;2;2;1;2;;70;70;700000;0;https://www.redegauchadeimoveis.com.br/imovel/apartamento-com-2-quartos-a-venda-e-2-vagas-bairro-higienopolis-em-porto-alegre/8328-CN;2026-07-11T01:21:37.269Z
rgi;venda;9382455;Apartamento;Apartamento com 4 quartos à venda;Porto Alegre;Centro Histórico;RS;90020100;Rua Vigário José Inácio;-30.0258519000000000;-51.2259188000000000;4;2;0;0;126;126;126;550000;0;https://www.redegauchadeimoveis.com.br/imovel/apartamento-com-4-quartos-a-venda-bairro-centro-historico-em-porto-alegre/454004-LU;2026-07-11T01:21:41.646Z
rgi;venda;9372669;Apartamento;Apartamento com 2 quartos à venda;Porto Alegre;Cidade Baixa;RS;90050240;Avenida Loureiro da Silva;-30.0365256000000000;-51.2256733000000000;2;2;1;0;64;45;45;510900;0;https://www.redegauchadeimoveis.com.br/imovel/apartamento-com-2-quartos-a-venda-bairro-cidade-baixa-em-porto-alegre/453985-LU;2026-07-11T01:21:41.646Z
rgi;venda;8422564;Cobertura;Cobertura com 3 quartos à venda;Porto Alegre;Sarandi;RS;91130001;Avenida Baltazar de Oliveira Garcia;-30.0117910000000000;-51.1296000000000000;3;2;1;1;88;60;60;399000;399311;https://www.redegauchadeimoveis.com.br/imovel/cobertura-com-3-quartos-a-venda-e-1-vaga-bairro-sarandi-em-porto-alegre/451450-LU;2026-07-11T01:21:41.646Z
rgi;venda;3561713;Casa;Casa com 2 quartos à venda;Porto Alegre;Hípica;RS;91787881;Rua Izar Faria Correa SantAnna;-30.1593174000000000;-51.1865684000000000;2;2;0;0;192;75;75;480000;480110;https://www.redegauchadeimoveis.com.br/imovel/casa-com-2-quartos-a-venda-bairro-hipica-em-porto-alegre/445512-LU;2026-07-11T01:21:41.646Z
rgi;venda;7895645;Kitnet;Kitnet à venda;Porto Alegre;Cidade Baixa;RS;90050140;Rua Sofia Veloso;-30.0366067000000000;-51.2221164000000000;0;1;0;0;48;;31;210000;210490;https://www.redegauchadeimoveis.com.br/imovel/kitnet-a-venda-bairro-cidade-baixa-em-porto-alegre/3172370-FR;2026-07-11T01:21:41.646Z
rgi;venda;10072589;Casa;Casa com 3 quartos à venda;Porto Alegre;Jardim Itu;RS;91215075;Rua Doutor Galdino Nunes Vieira;-30.0300159000000000;-51.1348792000000000;3;3;1;2;105;110;110;499000;499120;https://www.redegauchadeimoveis.com.br/imovel/casa-com-3-quartos-a-venda-e-2-vagas-bairro-jardim-itu-em-porto-alegre/99542-LI;2026-07-11T01:21:41.646Z
rgi;venda;10480509;Apartamento;Apartamento com 2 quartos à venda;Porto Alegre;Rubem Berta;RS;91250552;Rua José Barcellos Garcia;-30.0162031000000000;-51.1006458000000000;2;1;0;1;47;46;47;160000;160310.66;https://www.redegauchadeimoveis.com.br/imovel/apartamento-com-2-quartos-a-venda-e-1-vaga-bairro-rubem-berta-em-porto-alegre/5869-TR;2026-07-11T01:21:43.206Z
rgi;venda;3552041;Casa de Condomínio;Casa de Condomínio com 3 quartos à venda;Porto Alegre;Jardim Itu;RS;91225001;Rua Tenente Ary Tarrago;-30.0270742000000000;-51.1320996000000000;3;2;1;1;119;84;84;510000;510550;https://www.redegauchadeimoveis.com.br/imovel/casa-de-condominio-com-3-quartos-a-venda-e-1-vaga-bairro-jardim-itu-em-porto-alegre/2386-CN;2026-07-11T01:21:43.206Z
rgi;venda;8099607;Apartamento;Apartamento com 3 quartos à venda;Porto Alegre;Auxiliadora;RS;90540000;"Rua Marques do Pombal,";-30.0188981000000000;-51.1907558000000000;3;2;1;1;;;90;830000;830866.66;https://www.redegauchadeimoveis.com.br/imovel/apartamento-com-3-quartos-a-venda-e-1-vaga-bairro-auxiliadora-em-porto-alegre/21673-CC;2026-07-11T01:21:43.206Z
rgi;venda;9704609;Cobertura;Cobertura com 2 quartos à venda;Porto Alegre;Cristal;RS;90820000;Rua Doutor Campos Velho;-30.0925772000000000;-51.2388684000000000;2;1;0;1;196;150;150;500000;500125;https://www.redegauchadeimoveis.com.br/imovel/cobertura-com-2-quartos-a-venda-e-1-vaga-bairro-cristal-em-porto-alegre/36490-TR;2026-07-11T01:21:43.206Z
rgi;venda;9905815;Apartamento;Apartamento com 2 quartos à venda;Porto Alegre;Jardim Leopoldina;RS;91240090;Avenida Juscelino Kubitschek de Oliveira;-30.0194729000000000;-51.1160335000000000;2;1;0;1;38;38;38;200000;200326.5;https://www.redegauchadeimoveis.com.br/imovel/apartamento-com-2-quartos-a-venda-e-1-vaga-bairro-jardim-leopoldina-em-porto-alegre/97484-TR;2026-07-11T01:21:43.206Z
rgi;venda;10578602;Apartamento;Apartamento com 2 quartos à venda;Porto Alegre;Cristal;RS;91910530;Rua Coronel Massot;-30.1012765000000000;-51.2471062000000000;2;1;0;1;61;;51;248000;248433.33;https://www.redegauchadeimoveis.com.br/imovel/apartamento-com-2-quartos-a-venda-e-1-vaga-bairro-cristal-em-porto-alegre/459636-LU;2026-07-11T01:21:43.206Z
rgi;venda;10738408;Sala Comercial;Sala Comercial com 1 sala à venda;Porto Alegre;Praia de Belas;RS;90110000;Avenida Praia de Belas;-30.0573806000000000;-51.2293627000000000;;1;;1;;;33;265000;265720.83;https://www.redegauchadeimoveis.com.br/imovel/sala-comercial-a-venda-33m2-e-1-vaga-bairro-praia-de-belas-em-porto-alegre/460081-LU;2026-07-11T01:21:43.206Z
rgi;venda;10662469;Apartamento;Apartamento com 2 quartos à venda;Porto Alegre;Cidade Baixa;RS;90050120;Rua Octávio Corrêa;-30.0393607000000000;-51.2182004000000000;2;2;0;0;88;74;74;450000;450390;https://www.redegauchadeimoveis.com.br/imovel/apartamento-com-2-quartos-a-venda-bairro-cidade-baixa-em-porto-alegre/459886-LU;2026-07-11T01:21:52.426Z
rgi;venda;10855267;Casa;Casa com 2 quartos à venda;Porto Alegre;Hípica;RS;91755724;Rua Padre Valerio Alberton;-30.1662080000000000;-51.1866966000000000;2;1;0;1;85;85;85;319000;0;https://www.redegauchadeimoveis.com.br/imovel/casa-com-2-quartos-a-venda-e-1-vaga-bairro-hipica-em-porto-alegre/3187948-MI;2026-07-11T01:21:52.426Z
rgi;venda;9824919;Apartamento;Apartamento com 2 quartos à venda;Porto Alegre;Menino Deus;RS;90110020;Rua Coronel André Belo;-30.0461784000000000;-51.2221912000000000;2;1;0;1;103;74;74;420000;420900;https://www.redegauchadeimoveis.com.br/imovel/apartamento-com-2-quartos-a-venda-e-1-vaga-bairro-menino-deus-em-porto-alegre/202624-FR;2026-07-11T01:21:52.426Z
rgi;venda;10694161;Sala Comercial;Sala Comercial com 1 sala à venda;Porto Alegre;Praia de Belas;RS;90810240;Padre Cacique;-30.0792350000000000;-51.2478087000000000;;1;;1;40;;32;370000;370766.66;https://www.redegauchadeimoveis.com.br/imovel/sala-comercial-a-venda-32m2-e-1-vaga-bairro-praia-de-belas-em-porto-alegre/459954-LU;2026-07-11T01:21:52.426Z
rgi;venda;3689161;Casa;Casa com 3 quartos à venda;Porto Alegre;Partenon;RS;90680070;Rua Euclydes Moura;-30.0580521000000000;-51.1914458000000000;3;2;2;2;;;220;890000;890153.33;https://www.redegauchadeimoveis.com.br/imovel/casa-com-3-quartos-a-venda-e-2-vagas-bairro-partenon-em-porto-alegre/9204-OT;2026-07-11T01:21:52.426Z
rgi;venda;3561818;Casa;Casa com 4 quartos à venda;Porto Alegre;Morro Santana;RS;91260220;Avenida Nilo Ruschel;-13.9010818406581700;-50.7134218749999950;4;4;2;5;;;168;650000;650099.88;https://www.redegauchadeimoveis.com.br/imovel/casa-com-4-quartos-a-venda-e-5-vagas-bairro-morro-santana-em-porto-alegre/445585-LU;2026-07-11T01:21:52.426Z
rgi;venda;10733732;Apartamento;Apartamento com 1 quarto à venda;Porto Alegre;Cidade Baixa;RS;90050101;Rua General Lima e Silva;-30.0393839000000000;-51.2204346000000000;1;1;0;1;59;43;43;400000;400600;https://www.redegauchadeimoveis.com.br/imovel/apartamento-com-1-quarto-a-venda-e-1-vaga-bairro-cidade-baixa-em-porto-alegre/56519-LI;2026-07-11T01:21:52.426Z
rgi;venda;9374402;Apartamento;Apartamento com 2 quartos à venda;Porto Alegre;Mário Quintana;RS;91240470;Rua Irmã Teresilda Steffen;-30.0262098000000000;-51.1172560000000000;2;1;0;1;42;42;42;160000;160313;https://www.redegauchadeimoveis.com.br/imovel/apartamento-com-2-quartos-a-venda-e-1-vaga-bairro-mario-quintana-em-porto-alegre/53982-TR;2026-07-11T01:22:16.163Z
rgi;venda;8164955;Sala Comercial;Sala Comercial com 1 sala à venda;Porto Alegre;Petrópolis;RS;90690380;Rua Maranguape;-30.0432887000000000;-51.1798075000000000;;1;;2;;;46;349000;349400;https://www.redegauchadeimoveis.com.br/imovel/sala-comercial-a-venda-46m2-e-2-vagas-bairro-petropolis-em-porto-alegre/5875-SM;2026-07-11T01:22:16.163Z
rgi;venda;7824104;Apartamento;Apartamento com 2 quartos à venda;Porto Alegre;Boa Vista;RS;90520550;Atanásio Belmonte;-30.0186180000000000;-51.1732250000000000;2;2;1;2;;;72;1190000;1190801;https://www.redegauchadeimoveis.com.br/imovel/apartamento-com-2-quartos-a-venda-e-2-vagas-bairro-boa-vista-em-porto-alegre/4045-SM;2026-07-11T01:22:16.163Z
rgi;venda;3265814;Apartamento;Apartamento com 2 quartos à venda;Porto Alegre;Sarandi;RS;91130450;Avenida Sarandi;-30.0028570000000000;-51.1252004000000000;2;1;0;1;;;55;298000;299050;https://www.redegauchadeimoveis.com.br/imovel/apartamento-com-2-quartos-a-venda-e-1-vaga-bairro-sarandi-em-porto-alegre/15-SM;2026-07-11T01:22:16.163Z
rgi;venda;10281923;Casa de Condomínio;Casa de Condomínio com 2 quartos à venda;Porto Alegre;Menino Deus;RS;90110260;Rua Barbedo;-30.0576625000000000;-51.2259286000000000;2;3;0;2;;;158;689000;689943.19;https://www.redegauchadeimoveis.com.br/imovel/casa-de-condominio-com-2-quartos-a-venda-e-2-vagas-bairro-menino-deus-em-porto-alegre/9500-SM;2026-07-11T01:22:16.163Z
rgi;venda;9614503;Casa de Condomínio;Casa de Condomínio com 3 quartos à venda;Porto Alegre;Vila Nova;RS;91740830;João Salomoni;-30.1127000000000000;-51.2218020000000000;3;3;1;2;124;;120;1050000;1050780.15;https://www.redegauchadeimoveis.com.br/imovel/casa-de-condominio-com-3-quartos-a-venda-e-2-vagas-bairro-vila-nova-em-porto-alegre/8112-SM;2026-07-11T01:22:16.163Z
rgi;venda;3359028;Casa;Casa com 4 quartos à venda;Porto Alegre;Centro Histórico;RS;;;;;4;3;1;1;450;450;;1690000;1690291.66;https://www.redegauchadeimoveis.com.br/imovel/casa-com-4-quartos-a-venda-e-1-vaga-bairro-centro-historico-em-porto-alegre/2222-SM;2026-07-11T01:22:16.163Z
rgi;venda;8446359;Casa;Casa com 4 quartos à venda;Porto Alegre;Chácara das Pedras;RS;91330281;Rua João Paetzel;-30.0384272000000000;-51.1603573000000000;4;4;1;2;341;;337;1290000;1290516.66;https://www.redegauchadeimoveis.com.br/imovel/casa-com-4-quartos-a-venda-e-2-vagas-bairro-chacara-das-pedras-em-porto-alegre/11409-VIR;2026-07-11T01:22:18.477Z
rgi;venda;7682153;Casa;Casa com 1 quarto à venda;Porto Alegre;Vila São José;RS;91520550;Rua Santo Alfredo;-30.0668814000000000;-51.1657693000000000;1;1;1;1;60;42;42;180000;180157.35;https://www.redegauchadeimoveis.com.br/imovel/casa-com-1-quarto-a-venda-e-1-vaga-bairro-vila-sao-jose-em-porto-alegre/50218-MT;2026-07-11T01:22:18.477Z
rgi;venda;10879048;Casa;Casa com 3 quartos à venda;Porto Alegre;Nonoai;RS;91720490;Rua Doutor Ney Cabral;-30.0883736000000000;-51.2131849000000000;3;2;0;2;300;99;100;350000;350080;https://www.redegauchadeimoveis.com.br/imovel/casa-com-3-quartos-a-venda-e-2-vagas-bairro-nonoai-em-porto-alegre/67682-LI;2026-07-11T01:22:18.477Z
rgi;venda;3694900;Apartamento;Apartamento com 1 quarto à venda;Porto Alegre;Glória;RS;90680560;Rua Capitão Arisoly Vargas;-30.0721330000000000;-51.1981164000000000;1;1;0;0;43;34;34;149000;149275;https://www.redegauchadeimoveis.com.br/imovel/apartamento-com-1-quarto-a-venda-bairro-gloria-em-porto-alegre/50880262-LI;2026-07-11T01:22:18.477Z
rgi;venda;3405937;Casa;Casa com 4 quartos à venda;Porto Alegre;Nonoai;RS;90830260;Rua Gregorio da Fonseca;-30.0901511000000000;-51.2296756000000100;4;3;0;4;279;190;190;550000;550092.83;https://www.redegauchadeimoveis.com.br/imovel/casa-com-4-quartos-a-venda-e-4-vagas-bairro-nonoai-em-porto-alegre/8981-BT;2026-07-11T01:22:18.477Z
rgi;venda;10878970;Apartamento;Apartamento com 3 quartos à venda;Porto Alegre;Cavalhada;RS;91740001;Avenida da Cavalhada;-30.1071916000000000;-51.2293178000000000;3;2;1;1;109;70;70;397000;0;https://www.redegauchadeimoveis.com.br/imovel/apartamento-com-3-quartos-a-venda-e-1-vaga-bairro-cavalhada-em-porto-alegre/85003-CN;2026-07-11T01:22:18.477Z
rgi;venda;9289496;Apartamento;Apartamento com 2 quartos à venda;Porto Alegre;Passo da Areia;RS;91350090;Rua Roque Calage;-30.0169037000000000;-51.1630109000000000;2;2;1;2;;67;67;550000;550825;https://www.redegauchadeimoveis.com.br/imovel/apartamento-com-2-quartos-a-venda-e-2-vagas-bairro-passo-da-areia-em-porto-alegre/67114-VI;2026-07-11T01:22:18.477Z
rgi;venda;3412737;Casa;Casa com 3 quartos à venda;Porto Alegre;Aberta dos Morros;RS;91755017;Rua Cicero Viana;-30.1504651000000000;-51.2041952000000000;3;4;3;2;;;137;606500;606574.58;https://www.redegauchadeimoveis.com.br/imovel/casa-com-3-quartos-a-venda-e-2-vagas-bairro-aberta-dos-morros-em-porto-alegre/13764-BT;2026-07-11T01:22:19.013Z
rgi;venda;3412461;Apartamento;Apartamento com 2 quartos à venda;Porto Alegre;Azenha;RS;90160093;Avenida Ipiranga;-30.0483615000000000;-51.2162557000000000;2;1;0;0;73;;58;320000;320399.64;https://www.redegauchadeimoveis.com.br/imovel/apartamento-com-2-quartos-a-venda-bairro-azenha-em-porto-alegre/13551-BT;2026-07-11T01:22:19.013Z
rgi;venda;3412477;Casa;Casa com 3 quartos à venda;Porto Alegre;Vila Ipiranga;RS;91380270;Travessa Vasco de Ataide;-30.0258954000000000;-51.1459002000000000;3;3;2;3;;;246;1070000;1070168.04;https://www.redegauchadeimoveis.com.br/imovel/casa-com-3-quartos-a-venda-e-3-vagas-bairro-vila-ipiranga-em-porto-alegre/13565-BT;2026-07-11T01:22:19.013Z
rgi;venda;8829497;Apartamento;Apartamento com 3 quartos à venda;Porto Alegre;Rio Branco;RS;90420030;Rua Professor Duplan;-30.0387945000000000;-51.2008667000000000;3;2;2;1;119;;110;665000;667100;https://www.redegauchadeimoveis.com.br/imovel/apartamento-com-3-quartos-a-venda-e-1-vaga-bairro-rio-branco-em-porto-alegre/61207-BT;2026-07-11T01:22:19.013Z
rgi;venda;6547623;Casa;Casa com 3 quartos à venda;Porto Alegre;Auxiliadora;RS;90540100;Rua Corcovado;-30.0205228000000000;-51.1886682000000000;3;3;1;2;255;255;255;1600000;0;https://www.redegauchadeimoveis.com.br/imovel/casa-com-3-quartos-a-venda-e-2-vagas-bairro-auxiliadora-em-porto-alegre/90551145-KO;2026-07-11T01:22:19.013Z
rgi;venda;10878813;Apartamento;Apartamento com 1 quarto à venda;Porto Alegre;Jardim Botânico;RS;90690280;Travessa Serafim Terra;-30.0513044000000000;-51.1842187000000000;1;1;0;1;70;45;45;265000;265327.46;https://www.redegauchadeimoveis.com.br/imovel/apartamento-com-1-quarto-a-venda-e-1-vaga-bairro-jardim-botanico-em-porto-alegre/18466-PJ;2026-07-11T01:22:19.013Z
rgi;venda;5227584;Apartamento;Apartamento com 3 quartos à venda;Porto Alegre;Rio Branco;RS;90620110;Rua São Manoel;-30.0509813000000000;-51.1995052000000000;3;2;1;1;140;;93;638000;639766.66;https://www.redegauchadeimoveis.com.br/imovel/apartamento-com-3-quartos-a-venda-e-1-vaga-bairro-rio-branco-em-porto-alegre/9032-PJ;2026-07-11T01:22:19.013Z
rgi;venda;8998051;Apartamento;Apartamento com 1 quarto à venda;Porto Alegre;Jardim Botânico;RS;90670140;Rua Chile;-30.0528350000000000;-51.1891086000000000;1;1;0;1;72;;46;339000;339400;https://www.redegauchadeimoveis.com.br/imovel/apartamento-com-1-quarto-a-venda-e-1-vaga-bairro-jardim-botanico-em-porto-alegre/181818-UP;2026-07-11T01:22:19.013Z
rgi;venda;10878457;Terreno;Terreno / Lote à venda;Porto Alegre;Aberta dos Morros;RS;91755076;Rua Monsenhor Augusto Dalvit;-30.1629200000000000;-51.1953000000000000;;;;;;;;260000;260505.21;https://www.redegauchadeimoveis.com.br/imovel/terreno--lote-a-venda-bairro-aberta-dos-morros-em-porto-alegre/460221-LU;2026-07-11T01:22:23.320Z
rgi;venda;10878456;Apartamento;Apartamento com 1 quarto à venda;Porto Alegre;Cristal;RS;91910530;Rua Coronel Massot;-30.1011963000000000;-51.2473024000000000;1;1;0;0;43;37;37;199000;199446.29;https://www.redegauchadeimoveis.com.br/imovel/apartamento-com-1-quarto-a-venda-bairro-cristal-em-porto-alegre/90559958-KO;2026-07-11T01:22:23.320Z
rgi;venda;10878447;Terreno;Terreno / Lote à venda;Porto Alegre;Aberta dos Morros;RS;91755076;Rua Monsenhor Augusto Dalvit;-30.1629200000000000;-51.1953000000000000;;;;;;;;260000;260505.21;https://www.redegauchadeimoveis.com.br/imovel/terreno--lote-a-venda-bairro-aberta-dos-morros-em-porto-alegre/460220-LU;2026-07-11T01:22:23.320Z
rgi;venda;10878376;Apartamento;Apartamento com 1 quarto à venda;Porto Alegre;Centro Histórico;RS;90010221;Avenida Senador Salgado Filho;-30.0314060000000000;-51.2242195000000000;1;1;0;0;23;18;18;140000;140514.83;https://www.redegauchadeimoveis.com.br/imovel/apartamento-com-1-quarto-a-venda-bairro-centro-historico-em-porto-alegre/202667-FR;2026-07-11T01:22:23.320Z
rgi;venda;10878370;Terreno;Terreno / Lote à venda;Porto Alegre;Aberta dos Morros;RS;91755076;Rua Monsenhor Augusto Dalvit;-30.1629200000000000;-51.1953000000000000;;;;;;;;260000;260505.21;https://www.redegauchadeimoveis.com.br/imovel/terreno--lote-a-venda-bairro-aberta-dos-morros-em-porto-alegre/460219-LU;2026-07-11T01:22:23.320Z
rgi;venda;10642796;Apartamento;Apartamento com 1 quarto à venda;Porto Alegre;Santa Tereza;RS;90840440;Rua Orfanotrófio;-30.0811519000000000;-51.2199875000000000;1;1;0;1;44;39;39;120000;120450;https://www.redegauchadeimoveis.com.br/imovel/apartamento-com-1-quarto-a-venda-e-1-vaga-bairro-santa-tereza-em-porto-alegre/35019-LI;2026-07-11T01:22:23.320Z
rgi;venda;10878295;Terreno;Terreno / Lote à venda;Porto Alegre;Aberta dos Morros;RS;91755076;Rua Monsenhor Augusto Dalvit;-30.1629200000000000;-51.1953000000000000;;;;;;;;260000;260505.21;https://www.redegauchadeimoveis.com.br/imovel/terreno--lote-a-venda-bairro-aberta-dos-morros-em-porto-alegre/460218-LU;2026-07-11T01:22:23.320Z
rgi;venda;10875531;Apartamento;Apartamento com 2 quartos à venda;Porto Alegre;Bela Vista;RS;90450090;Rua Barão de Ubá;-30.0359545000000000;-51.1902168000000000;2;4;2;2;213;126;126;1499000;1501433.33;https://www.redegauchadeimoveis.com.br/imovel/apartamento-com-2-quartos-a-venda-e-2-vagas-bairro-bela-vista-em-porto-alegre/460211-LU;2026-07-11T01:22:23.320Z
rgi;venda;3507575;Apartamento;Apartamento com 1 quarto à venda;Porto Alegre;Partenon;RS;91530040;Avenida dos Cubanos;-30.0590015000000000;-51.1685265000000000;1;1;0;0;65;;42;245000;245270.5;https://www.redegauchadeimoveis.com.br/imovel/apartamento-com-1-quarto-a-venda-bairro-partenon-em-porto-alegre/10088-EX;2026-07-11T01:22:24.872Z
rgi;venda;7667542;Apartamento;Apartamento com 2 quartos à venda;Porto Alegre;Bela Vista;RS;90460065;Rua Vicente da Fontoura;-30.0364982000000000;-51.1954842000000000;2;2;1;2;73;;68;499000;499950;https://www.redegauchadeimoveis.com.br/imovel/apartamento-com-2-quartos-a-venda-e-2-vagas-bairro-bela-vista-em-porto-alegre/585858-UP;2026-07-11T01:22:24.872Z
rgi;venda;10150728;Apartamento;Apartamento com 3 quartos à venda;Porto Alegre;Azenha;RS;90640070;Avenida Professor Oscar Pereira;-30.0529145000000000;-51.2125641000000000;3;2;0;0;87;;87;350000;351330;https://www.redegauchadeimoveis.com.br/imovel/apartamento-com-3-quartos-a-venda-bairro-azenha-em-porto-alegre/17206-PJ;2026-07-11T01:22:24.872Z
rgi;venda;10877672;Terreno;Terreno / Lote à venda;Porto Alegre;Aberta dos Morros;RS;91755076;Rua Monsenhor Augusto Dalvit;-30.1629200000000000;-51.1953000000000000;;;;;;;;260000;260505.21;https://www.redegauchadeimoveis.com.br/imovel/terreno--lote-a-venda-bairro-aberta-dos-morros-em-porto-alegre/460212-LU;2026-07-11T01:22:24.872Z
rgi;venda;3506176;Terreno;Terreno / Lote à venda;Porto Alegre;Espírito Santo;RS;91770010;Avenida Da Serraria;-30.1462419000000000;-51.2161081000000000;0;0;0;0;;;;480000;0;https://www.redegauchadeimoveis.com.br/imovel/terreno--lote-a-venda-bairro-espirito-santo-em-porto-alegre/260637-LU;2026-07-11T01:22:24.872Z
rgi;venda;3486277;Sala Comercial;Sala Comercial à venda;Porto Alegre;Moinhos de Vento;RS;90510000;Rua Vinte e Quatro de Outubro;-30.0219569000000000;-51.1945616000000000;;0;;0;70;55;55;852000;853250;https://www.redegauchadeimoveis.com.br/imovel/sala-comercial-a-venda-55m2-bairro-moinhos-de-vento-em-porto-alegre/757-HT;2026-07-11T01:22:24.872Z
rgi;venda;9900294;Apartamento;Apartamento com 3 quartos à venda;Porto Alegre;Jardim do Salso;RS;91410330;Rua Nicola Mathias Falci;-30.0527774000000000;-51.1614746000000000;3;3;1;2;242;128;128;1580000;1581650;https://www.redegauchadeimoveis.com.br/imovel/apartamento-com-3-quartos-a-venda-e-2-vagas-bairro-jardim-do-salso-em-porto-alegre/7894-HT;2026-07-11T01:22:24.872Z
rgi;venda;8915009;Casa;Casa com 3 quartos à venda;Porto Alegre;Boa Vista;RS;90480201;Rua Anita Garibaldi;-30.0212144000000000;-51.1692641000000000;3;3;1;4;260;175;175;1100000;1100500;https://www.redegauchadeimoveis.com.br/imovel/casa-com-3-quartos-a-venda-e-4-vagas-bairro-boa-vista-em-porto-alegre/6172-HT;2026-07-11T01:22:24.872Z
rgi;venda;10584643;Apartamento;Apartamento com 1 quarto à venda;Porto Alegre;Floresta;RS;90220130;Rua Sete de Abril;-30.0189974000000000;-51.2080367000000000;1;1;0;0;48;37;37;180000;180277;https://www.redegauchadeimoveis.com.br/imovel/apartamento-com-1-quarto-a-venda-bairro-floresta-em-porto-alegre/19855-SC;2026-07-11T01:22:34.083Z
rgi;venda;10870891;Sala Comercial;Sala Comercial com 1 sala à venda;Porto Alegre;Mont Serrat;RS;90450048;Rua Coronel Bordini;-30.0193108000000000;-51.1971285000000000;;1;;0;60;53;53;159000;159350;https://www.redegauchadeimoveis.com.br/imovel/sala-comercial-a-venda-53m2-bairro-mont-serrat-em-porto-alegre/68169-TR;2026-07-11T01:22:34.083Z
rgi;venda;10762066;Casa de Condomínio;Casa de Condomínio com 2 quartos à venda;Porto Alegre;Ipanema;RS;91760690;Rua Francisco Bortoluzzi;-30.1301973000000000;-51.2274339000000000;2;3;1;1;145;31;114;480000;0;https://www.redegauchadeimoveis.com.br/imovel/casa-de-condominio-com-2-quartos-a-venda-e-1-vaga-bairro-ipanema-em-porto-alegre/3189705-DMI;2026-07-11T01:22:34.083Z
rgi;venda;3704529;Apartamento;Apartamento com 2 quartos à venda;Porto Alegre;Camaquã;RS;91910400;Travessa Escobar;-30.1027793000000000;-51.2370658000000000;2;2;1;1;92;;61;485000;485403.66;https://www.redegauchadeimoveis.com.br/imovel/apartamento-com-2-quartos-a-venda-e-1-vaga-bairro-camaqua-em-porto-alegre/446235-LU;2026-07-11T01:22:34.083Z
rgi;venda;10744018;Apartamento;Apartamento com 2 quartos à venda;Porto Alegre;Azenha;RS;90160093;Avenida Ipiranga;-30.0484143000000000;-51.2166036000000000;2;1;0;0;73;58;58;260000;260666.41;https://www.redegauchadeimoveis.com.br/imovel/apartamento-com-2-quartos-a-venda-bairro-azenha-em-porto-alegre/117540-RP;2026-07-11T01:22:34.083Z
rgi;venda;9570822;Apartamento;Apartamento com 1 quarto à venda;Porto Alegre;Menino Deus;RS;;;;;1;1;0;0;;;39;175000;0;https://www.redegauchadeimoveis.com.br/imovel/apartamento-com-1-quarto-a-venda-bairro-menino-deus-em-porto-alegre/IMV-001154-SAL;2026-07-11T01:22:34.083Z
rgi;venda;10491309;Apartamento;Apartamento com 3 quartos à venda;Porto Alegre;Petrópolis;RS;90410001;Avenida Protásio Alves;-30.0403543000000000;-51.1966796000000000;3;2;0;1;109;93;93;305000;305633;https://www.redegauchadeimoveis.com.br/imovel/apartamento-com-3-quartos-a-venda-e-1-vaga-bairro-petropolis-em-porto-alegre/11180-BE;2026-07-11T01:22:34.083Z
rgi;venda;3248418;Casa;Casa com 4 quartos à venda;Porto Alegre;Cavalhada;RS;;;-30.1080806000000000;-51.2214591000000000;4;2;0;3;300;;150;375000;0;https://www.redegauchadeimoveis.com.br/imovel/casa-com-4-quartos-a-venda-e-3-vagas-bairro-cavalhada-em-porto-alegre/415-WI;2026-07-11T01:22:57.845Z
rgi;venda;3248048;Casa;Casa com 2 quartos à venda;Porto Alegre;Santa Tereza;RS;;;-30.0772703000000000;-51.2311717000000000;2;1;0;1;;;500;850000;0;https://www.redegauchadeimoveis.com.br/imovel/casa-com-2-quartos-a-venda-e-1-vaga-bairro-santa-tereza-em-porto-alegre/385-WI;2026-07-11T01:22:57.845Z
rgi;venda;3236659;Casa;Casa com 3 quartos à venda;Porto Alegre;Aberta dos Morros;RS;;;-30.0903033000000000;-51.2285035000000000;3;3;1;3;;;98;650000;0;https://www.redegauchadeimoveis.com.br/imovel/casa-com-3-quartos-a-venda-e-3-vagas-bairro-aberta-dos-morros-em-porto-alegre/363-WI;2026-07-11T01:22:57.845Z
rgi;venda;3214531;Casa;Casa com 2 quartos à venda;Porto Alegre;Lomba do Pinheiro;RS;;;-30.1204819000000000;-51.1015960000000000;2;1;0;1;300;;100;150000;0;https://www.redegauchadeimoveis.com.br/imovel/casa-com-2-quartos-a-venda-e-1-vaga-bairro-lomba-do-pinheiro-em-porto-alegre/307-WI;2026-07-11T01:22:57.845Z
rgi;venda;3236912;Casa;Casa com 2 quartos à venda;Porto Alegre;Hípica;RS;;;-30.1613857000000000;-51.1698439000000000;2;2;1;2;132;;100;290000;0;https://www.redegauchadeimoveis.com.br/imovel/casa-com-2-quartos-a-venda-e-2-vagas-bairro-hipica-em-porto-alegre/366-WI;2026-07-11T01:22:57.845Z
rgi;venda;7251451;Casa;Casa com 3 quartos à venda;Porto Alegre;Hípica;RS;;;-30.1526743000000000;-51.1633722000000000;3;1;0;2;135;;60;400000;0;https://www.redegauchadeimoveis.com.br/imovel/casa-com-3-quartos-a-venda-e-2-vagas-bairro-hipica-em-porto-alegre/592-WI;2026-07-11T01:22:57.845Z
rgi;venda;3247146;Casa;Casa com 5 quartos à venda;Porto Alegre;Aberta dos Morros;RS;;;-30.1588511000000000;-51.1968514000000000;5;4;1;3;;;250;660000;0;https://www.redegauchadeimoveis.com.br/imovel/casa-com-5-quartos-a-venda-e-3-vagas-bairro-aberta-dos-morros-em-porto-alegre/376-WI;2026-07-11T01:22:57.845Z
rgi;venda;2954639;Casa;Casa com 3 quartos à venda;Porto Alegre;Espírito Santo;RS;;;-30.1506961000000000;-51.2118441000000000;3;2;1;2;;;302;1200000;1200250;https://www.redegauchadeimoveis.com.br/imovel/casa-com-3-quartos-a-venda-e-2-vagas-bairro-espirito-santo-em-porto-alegre/23-WI;2026-07-11T01:22:57.845Z
rgi;venda;3701796;Sala Comercial;Sala Comercial à venda;Porto Alegre;Floresta;RS;90240017;Avenida Benjamin Constant;-30.0154998000000000;-51.1960203000000000;;0;;0;507;;507;2700000;0;https://www.redegauchadeimoveis.com.br/imovel/sala-comercial-a-venda-507m2-bairro-floresta-em-porto-alegre/18466-BT;2026-07-11T01:23:00.149Z
rgi;venda;3701816;Sala Comercial;Sala Comercial à venda;Porto Alegre;Teresópolis;RS;90870000;Avenida Teresópolis;;;;0;;0;39;;28;110000;0;https://www.redegauchadeimoveis.com.br/imovel/sala-comercial-a-venda-28m2-bairro-teresopolis-em-porto-alegre/18486-BT;2026-07-11T01:23:00.149Z
rgi;venda;3522094;Apartamento;Apartamento com 3 quartos à venda;Porto Alegre;Centro Histórico;RS;90050101;Rua General Lima e Silva;-30.0371670000000000;-51.2231090000000200;3;1;0;0;108;98;98;395000;395400;https://www.redegauchadeimoveis.com.br/imovel/apartamento-com-3-quartos-a-venda-bairro-centro-historico-em-porto-alegre/202623-FR;2026-07-11T01:23:00.149Z
rgi;venda;3412877;Casa;Casa com 3 quartos à venda;Porto Alegre;Jardim Isabel;RS;91760470;Rua Jose Kanan Aranha;-30.1279626000000000;-51.2375571000000000;3;4;1;4;;;176;820000;822500;https://www.redegauchadeimoveis.com.br/imovel/casa-com-3-quartos-a-venda-e-4-vagas-bairro-jardim-isabel-em-porto-alegre/13883-BT;2026-07-11T01:23:00.149Z
rgi;venda;3415332;Casa;Casa com 4 quartos à venda;Porto Alegre;Teresópolis;RS;90840750;Rua Coronel Joao Pinto;-30.0821266000000000;-51.2138030000000000;4;3;1;3;;;200;900000;0;https://www.redegauchadeimoveis.com.br/imovel/casa-com-4-quartos-a-venda-e-3-vagas-bairro-teresopolis-em-porto-alegre/15929-BT;2026-07-11T01:23:00.149Z
rgi;venda;3509551;Terreno;Terreno / Lote à venda;Porto Alegre;Vila Nova;RS;91740612;Rua Adriano Pereira da Silva;-30.1066600000000000;-51.2155700000000000;0;0;0;0;;;;205000;205824;https://www.redegauchadeimoveis.com.br/imovel/terreno--lote-a-venda-bairro-vila-nova-em-porto-alegre/11517-BZ;2026-07-11T01:23:00.149Z
rgi;venda;10473038;Apartamento;Apartamento com 2 quartos à venda;Porto Alegre;Jardim Europa;RS;91340110;Avenida Túlio de Rose;-30.0225933000000000;-51.1600579000000000;2;2;1;2;145;94;94;1389900;1391325;https://www.redegauchadeimoveis.com.br/imovel/apartamento-com-2-quartos-a-venda-e-2-vagas-bairro-jardim-europa-em-porto-alegre/73583-TR;2026-07-11T01:23:00.149Z
rgi;venda;5213264;Loja;Loja com 1 sala à venda;Porto Alegre;Cristal;RS;90810070;Avenida Capivari;-30.0835533000000000;-51.2384155000000000;;1;;0;26;24;24;70000;70294.54;https://www.redegauchadeimoveis.com.br/imovel/loja-a-venda-24m2-bairro-cristal-em-porto-alegre/3168744-FR;2026-07-11T01:23:00.149Z
rgi;venda;3609632;Casa;Casa com 3 quartos à venda;Porto Alegre;Hípica;RS;;;-30.1533839000000000;-51.1738924000000000;3;2;1;2;;;95;650000;0;https://www.redegauchadeimoveis.com.br/imovel/casa-com-3-quartos-a-venda-e-2-vagas-bairro-hipica-em-porto-alegre/71297694-CL;2026-07-11T01:23:00.740Z
rgi;venda;7265274;Sobrado;Sobrado com 3 quartos à venda;Porto Alegre;Vila Nova;RS;;;;;3;3;1;2;;200;200;345000;0;https://www.redegauchadeimoveis.com.br/imovel/sobrado-com-3-quartos-a-venda-e-2-vagas-bairro-vila-nova-em-porto-alegre/71298005-CL;2026-07-11T01:23:00.740Z
rgi;venda;3604340;Casa;Casa com 2 quartos à venda;Porto Alegre;Belém Novo;RS;;;;;2;3;1;0;;;367;372000;0;https://www.redegauchadeimoveis.com.br/imovel/casa-com-2-quartos-a-venda-bairro-belem-novo-em-porto-alegre/69025041-CL;2026-07-11T01:23:00.740Z
rgi;venda;8854086;Terreno;Terreno / Lote à venda;Porto Alegre;Restinga;RS;;;;;;;;;;;;150000;0;https://www.redegauchadeimoveis.com.br/imovel/terreno--lote-a-venda-bairro-restinga-em-porto-alegre/71303396-CL;2026-07-11T01:23:00.740Z
rgi;venda;7458824;Casa;Casa com 3 quartos à venda;Porto Alegre;Aberta dos Morros;RS;;;;;3;2;0;2;80;69;70;192000;0;https://www.redegauchadeimoveis.com.br/imovel/casa-com-3-quartos-a-venda-e-2-vagas-bairro-aberta-dos-morros-em-porto-alegre/71301247-CL;2026-07-11T01:23:00.740Z
rgi;venda;3608766;Casa;Casa com 2 quartos à venda;Porto Alegre;Hípica;RS;;;-30.1476668000000000;-51.1641014000000000;2;1;0;1;;;60;140000;140029.16;https://www.redegauchadeimoveis.com.br/imovel/casa-com-2-quartos-a-venda-e-1-vaga-bairro-hipica-em-porto-alegre/71297270-CL;2026-07-11T01:23:00.740Z
rgi;venda;10477440;Apartamento;Apartamento com 2 quartos à venda;Porto Alegre;Jardim Botânico;RS;90690300;Rua Valparaíso;-30.0523027000000000;-51.1908317000000000;2;2;1;1;;;87;549000;0;https://www.redegauchadeimoveis.com.br/imovel/apartamento-com-2-quartos-a-venda-e-1-vaga-bairro-jardim-botanico-em-porto-alegre/91168-CC;2026-07-11T01:23:00.740Z
rgi;venda;3406529;Casa;Casa com 3 quartos à venda;Porto Alegre;Teresópolis;RS;90840290;Rua Dario Totta;-30.0828111000000000;-51.2157224000000040;3;3;0;3;;;240;620000;621016;https://www.redegauchadeimoveis.com.br/imovel/casa-com-3-quartos-a-venda-e-3-vagas-bairro-teresopolis-em-porto-alegre/9540-BT;2026-07-11T01:23:00.740Z
rgi;venda;8362033;Apartamento;Apartamento com 3 quartos à venda;Porto Alegre;Petrópolis;RS;90470230;Guaporé;-30.0382950000000000;-51.1773910000000000;3;2;1;2;124;;200;3240000;0;https://www.redegauchadeimoveis.com.br/imovel/apartamento-com-3-quartos-a-venda-e-2-vagas-bairro-petropolis-em-porto-alegre/4404-BS;2026-07-11T01:23:05.004Z
rgi;venda;3521957;Sala Comercial;Sala Comercial à venda;Porto Alegre;Centro Histórico;RS;90020008;Rua dos Andradas;-30.0299923000000000;-51.2291040000000000;;1;;0;49;;26;80000;80400;https://www.redegauchadeimoveis.com.br/imovel/sala-comercial-a-venda-26m2-bairro-centro-historico-em-porto-alegre/2840-FR;2026-07-11T01:23:06.587Z
rgi;venda;10297777;Apartamento;Apartamento com 2 quartos à venda;Porto Alegre;Cristal;RS;90820180;Rua Jaguari;-30.0917084000000000;-51.2364603000000000;2;2;1;1;108;68;68;636000;636769;https://www.redegauchadeimoveis.com.br/imovel/apartamento-com-2-quartos-a-venda-e-1-vaga-bairro-cristal-em-porto-alegre/23131-LI;2026-07-11T01:23:06.587Z
rgi;venda;3524997;Apartamento;Apartamento com 1 quarto à venda;Porto Alegre;Praia de Belas;RS;90050191;Avenida Aureliano de Figueiredo Pinto;-30.0434712000000000;-51.2267185000000000;1;1;0;0;43;;40;220000;220231.66;https://www.redegauchadeimoveis.com.br/imovel/apartamento-com-1-quarto-a-venda-bairro-praia-de-belas-em-porto-alegre/4495-FR;2026-07-11T01:23:06.587Z
rgi;venda;3525490;Apartamento;Apartamento com 2 quartos à venda;Porto Alegre;Medianeira;RS;90880390;Rua Eurico Lara;-30.0601579999999900;-51.2171630000000000;2;2;0;0;75;;75;285000;285290;https://www.redegauchadeimoveis.com.br/imovel/apartamento-com-2-quartos-a-venda-bairro-medianeira-em-porto-alegre/4747-FR;2026-07-11T01:23:06.587Z
rgi;venda;10874133;Casa;Casa com 4 quartos à venda;Porto Alegre;Ipanema;RS;91751250;Rua Tiago;-30.1367055000000000;-51.2167433000000000;4;4;1;4;;300;300;1170000;1170306.25;https://www.redegauchadeimoveis.com.br/imovel/casa-com-4-quartos-a-venda-e-4-vagas-bairro-ipanema-em-porto-alegre/460207-LU;2026-07-11T01:23:06.587Z
rgi;venda;3698140;Apartamento;Apartamento com 3 quartos à venda;Porto Alegre;Rio Branco;RS;90035007;Rua Ramiro Barcelos;-30.0406194000000000;-51.2083461000000000;3;2;0;0;117;103;103;269000;269460;https://www.redegauchadeimoveis.com.br/imovel/apartamento-com-3-quartos-a-venda-bairro-rio-branco-em-porto-alegre/50883068-LI;2026-07-11T01:23:06.587Z
rgi;venda;10074326;Apartamento;Apartamento com 1 quarto à venda;Porto Alegre;Jardim Itu;RS;91225000;Rua Tenente Ary Tarrago;-30.0382520000000000;-51.1360601000000000;1;1;0;1;41;36;36;187000;187475;https://www.redegauchadeimoveis.com.br/imovel/apartamento-com-1-quarto-a-venda-e-1-vaga-bairro-jardim-itu-em-porto-alegre/92789-LI;2026-07-11T01:23:06.587Z
rgi;venda;3173659;Apartamento;Apartamento com 2 quartos à venda;Porto Alegre;Santana;RS;90620170;Rua São Luís;-30.0527793000000000;-51.2006106000000000;2;2;1;1;109;;74;550000;550731.33;https://www.redegauchadeimoveis.com.br/imovel/apartamento-com-2-quartos-a-venda-e-1-vaga-bairro-santana-em-porto-alegre/2193-PJ;2026-07-11T01:23:06.587Z
